Model,estimator,best_params,type,n Selected,Best Accuracy,Train Accuracy,Test Accuracy,Precision,Recall,F1,MCC,conf_mat,Prediction
Ridge,"LogisticRegression(C=0.01, solver='liblinear')",{'C': 0.01},by counts,4,0.7187520595019536,0.7197802197802198,0.7307692307692307,0.7526427061310782,0.8183908045977012,0.7841409691629956,0.43079224042916886,"[[176 117]
 [ 79 356]]","[1 0 1 0 1 1 1 0 1 1 1 1 0 1 0 1 1 1 1 0 0 1 0 1 0 1 1 0 1 1 1 1 1 1 1 1 0
 1 0 0 1 1 0 1 1 0 1 1 1 1 0 0 1 1 0 1 1 1 1 1 0 0 0 0 0 1 1 1 1 1 0 1 1 1
 0 0 0 0 1 0 0 0 1 1 1 0 1 1 1 0 1 1 0 1 1 1 0 1 0 0 1 0 1 0 1 0 1 0 0 1 0
 0 1 1 1 0 0 1 1 1 1 1 1 1 1 1 1 0 1 0 1 1 1 1 1 1 0 1 0 1 1 0 0 0 1 0 0 1
 0 1 0 1 1 0 0 1 0 0 1 0 0 0 0 0 1 1 1 1 1 1 1 1 1 1 1 0 1 1 1 1 1 1 0 1 0
 1 1 1 0 1 1 0 1 1 0 1 1 1 1 1 0 1 0 1 1 1 1 1 1 1 1 0 1 0 1 0 1 1 1 1 0 1
 1 0 0 1 1 1 0 0 1 0 1 1 1 1 0 1 1 1 0 1 1 0 1 1 1 0 0 1 0 0 0 0 1 1 1 1 1
 0 1 1 0 1 0 1 0 0 1 1 1 0 0 0 1 1 1 1 1 1 0 1 1 1 0 1 1 1 1 1 0 0 0 0 0 1
 0 1 1 0 0 0 1 1 1 1 0 1 1 1 1 0 1 1 1 1 1 1 0 0 1 1 1 1 1 0 1 0 1 1 0 1 1
 1 1 0 0 1 1 1 1 1 1 0 1 0 0 0 0 1 1 1 1 1 1 0 1 1 1 0 0 0 0 1 0 1 1 0 0 0
 1 0 1 1 0 0 1 1 1 0 1 0 1 1 1 1 1 1 1 1 0 0 1 0 0 1 1 1 1 1 0 1 1 0 1 0 0
 1 1 1 1 0 1 1 0 1 1 1 1 1 1 1 1 1 1 0 0 1 1 1 1 1 0 0 0 0 0 0 0 1 1 0 1 1
 0 1 1 1 1 1 1 1 1 1 1 1 1 0 1 1 1 0 1 1 1 0 1 0 0 1 1 1 1 0 0 1 1 1 1 0 0
 1 1 0 1 0 0 1 0 0 1 0 0 1 0 0 0 1 1 1 0 0 1 0 0 1 1 1 1 1 0 1 1 1 0 1 1 1
 0 1 1 0 0 1 1 1 1 1 1 1 1 1 0 1 1 1 1 1 0 1 1 1 1 1 1 1 1 1 1 0 0 0 1 0 0
 1 0 1 1 1 1 0 1 1 1 0 1 1 1 1 0 1 1 1 0 1 0 0 0 0 1 1 0 1 1 0 1 1 0 1 0 1
 0 1 0 1 1 0 1 1 1 0 1 1 1 1 0 0 1 0 1 1 1 1 0 0 0 1 1 1 0 1 1 0 1 1 1 1 0
 1 0 0 1 1 1 1 1 1 1 1 1 1 0 0 1 1 1 1 1 0 0 0 1 0 1 1 1 1 1 1 1 0 0 1 1 0
 0 1 0 1 1 0 0 1 0 0 1 1 1 1 0 1 0 0 1 1 0 1 1 0 1 1 1 0 1 1 0 1 1 1 1 0 0
 0 1 1 0 0 1 0 1 1 1 0 1 1 1 1 1 1 1 0 1 0 1 1 0 1]"
Ridge,"LogisticRegression(C=0.01, solver='liblinear')",{'C': 0.01},by counts,9,0.7190792260980088,0.7211538461538461,0.7486263736263736,0.7647058823529411,0.8367816091954023,0.7991218441273326,0.4685288484477538,"[[181 112]
 [ 71 364]]","[1 0 1 0 1 1 1 0 1 1 1 1 0 1 0 1 1 1 1 0 0 1 1 1 0 1 1 0 1 1 1 1 0 1 1 0 0
 1 1 0 1 1 1 1 1 0 1 1 1 1 0 0 1 1 0 1 1 1 1 0 0 0 0 0 0 1 1 1 0 1 0 0 1 1
 0 0 0 0 1 0 0 1 1 1 1 0 1 1 1 0 1 1 0 1 1 1 0 1 0 0 1 0 1 0 1 0 1 0 1 1 0
 0 1 1 1 0 0 1 1 1 1 1 1 1 1 1 1 0 1 0 1 1 1 1 1 1 0 0 0 1 1 0 0 0 1 1 0 1
 0 1 0 1 1 1 1 1 0 0 1 0 0 0 0 0 1 1 1 1 1 1 0 1 1 1 1 0 1 1 0 1 1 1 0 1 0
 1 1 1 0 1 1 0 1 1 0 1 1 1 1 0 0 1 0 1 1 1 1 1 1 1 1 0 1 0 1 0 1 1 1 1 0 1
 1 0 1 1 1 1 0 0 1 0 1 1 1 0 1 1 1 0 1 1 1 0 1 1 1 0 0 1 0 0 0 0 1 1 1 1 1
 0 1 1 0 1 0 1 0 0 1 1 1 0 0 0 1 1 1 1 1 1 0 1 1 1 0 1 1 1 1 1 0 0 0 0 0 1
 0 1 1 0 0 0 1 1 1 1 0 1 1 1 1 0 1 1 1 0 1 1 0 0 1 1 1 1 1 0 1 0 1 1 0 1 1
 1 1 0 0 1 1 1 1 1 1 0 1 0 0 0 1 1 1 1 1 0 1 0 1 1 1 0 1 0 0 1 0 1 1 0 0 0
 1 0 1 1 0 0 1 1 1 0 1 0 1 1 1 1 1 1 1 1 1 0 1 0 0 1 1 1 1 1 0 1 1 0 1 0 0
 1 1 1 1 0 1 1 0 1 1 1 1 1 1 1 1 1 1 0 1 1 1 1 1 1 0 1 0 0 0 0 0 1 1 0 1 1
 0 1 1 1 1 1 1 1 1 1 1 1 1 0 1 1 1 0 1 1 1 0 1 1 0 1 1 1 1 0 0 1 1 1 1 0 0
 1 1 1 1 0 0 1 0 1 1 1 0 1 0 0 0 1 1 1 0 1 1 0 0 1 1 1 1 0 0 1 1 1 0 1 1 1
 0 1 1 0 0 1 1 1 1 1 1 1 1 1 0 1 1 1 1 1 0 1 1 1 1 1 1 1 1 1 1 0 0 0 1 0 0
 0 0 1 1 1 1 0 1 1 1 0 1 1 1 1 0 1 1 1 0 1 0 0 0 0 1 1 1 1 1 0 1 1 0 1 0 1
 0 1 0 1 1 0 0 1 1 0 1 1 1 1 0 0 1 0 1 1 1 1 0 0 0 1 1 1 0 0 1 0 1 1 1 1 0
 0 0 0 1 1 1 1 1 1 1 1 1 1 0 0 1 1 1 1 1 0 0 0 1 0 1 1 1 1 1 1 1 0 0 1 1 0
 0 1 0 1 1 0 0 0 0 0 1 1 1 1 1 0 0 0 1 1 0 0 1 0 1 1 1 0 1 1 0 1 1 1 1 0 0
 0 1 1 0 0 1 1 1 1 1 0 1 1 1 1 1 1 1 0 1 0 1 1 0 1]"
Ridge,"LogisticRegression(C=0.01, solver='liblinear')",{'C': 0.01},by counts,15,0.7225156522148473,0.7228708791208791,0.7445054945054945,0.7665952890792291,0.8229885057471265,0.7937915742793792,0.46116046796453175,"[[184 109]
 [ 77 358]]","[1 0 1 0 1 1 1 1 1 1 1 1 0 1 0 1 1 1 1 0 0 1 1 1 1 1 1 0 1 1 1 1 0 1 1 0 0
 1 0 0 1 1 0 1 1 0 1 1 1 1 0 0 1 1 0 1 1 1 1 0 0 1 0 0 0 1 1 1 1 1 0 0 1 1
 0 0 0 0 1 0 0 1 1 1 1 0 1 1 1 0 1 1 0 1 1 1 0 0 0 0 1 0 1 0 1 0 1 0 0 1 0
 0 1 1 1 0 0 1 1 1 1 1 1 1 0 1 1 0 1 0 1 1 1 1 1 1 0 0 0 1 1 0 0 0 1 1 0 1
 0 1 0 1 1 1 1 1 0 0 1 0 0 0 0 0 1 1 1 1 1 1 1 1 0 1 0 0 1 1 0 1 1 1 0 1 0
 1 1 1 0 1 1 0 1 1 0 1 1 1 1 0 0 1 0 1 1 1 1 1 1 1 1 0 1 0 1 0 1 1 1 1 0 1
 1 0 1 1 1 1 0 0 1 0 0 1 1 0 1 1 1 0 0 1 1 0 1 1 1 0 0 1 0 0 0 0 1 1 1 1 1
 0 1 1 0 1 0 1 0 0 1 1 1 1 0 0 1 1 1 1 1 1 0 1 1 1 0 1 0 1 1 1 0 0 0 0 0 1
 0 1 1 0 0 0 1 1 1 1 0 1 1 1 1 0 1 1 1 1 1 1 1 0 1 1 1 1 1 0 1 0 1 1 0 1 1
 1 1 0 0 1 1 1 1 1 1 0 1 0 0 0 1 1 1 1 1 0 1 0 1 1 1 0 0 0 0 1 0 1 1 1 0 0
 1 0 0 1 0 0 1 1 1 0 1 0 1 1 1 1 1 1 0 1 1 0 1 0 0 1 1 1 1 1 0 1 1 0 1 0 0
 1 1 1 1 0 1 1 0 1 1 1 1 1 1 1 1 1 1 0 1 1 1 1 0 1 0 1 0 0 0 0 0 1 1 0 1 1
 0 1 1 0 1 1 1 1 1 1 1 1 1 0 1 1 1 0 1 1 1 0 1 1 0 1 1 1 0 0 0 1 1 1 1 0 0
 1 1 1 1 0 0 1 0 0 1 1 0 1 0 1 0 1 1 1 0 1 1 0 0 1 1 1 1 0 0 1 1 1 0 1 1 1
 0 1 1 0 0 1 1 1 1 1 1 1 1 1 0 1 1 1 1 1 0 1 1 1 1 0 1 1 1 1 1 0 0 0 1 0 0
 0 0 1 1 1 1 0 0 1 1 0 1 1 1 1 0 1 1 1 0 1 0 0 0 0 1 1 0 1 1 0 1 1 0 1 0 1
 0 1 0 1 1 0 0 1 1 0 1 1 1 1 0 0 1 0 1 1 1 1 0 0 0 0 1 1 0 0 1 0 1 1 1 1 0
 0 0 0 1 1 1 1 1 1 1 1 1 1 0 0 1 1 1 1 1 0 1 0 1 0 1 1 1 1 1 1 1 0 0 1 1 0
 0 1 0 1 1 0 0 0 0 0 1 1 1 1 1 1 0 0 1 1 0 0 1 0 1 1 1 0 1 1 0 1 1 1 1 0 0
 0 1 1 0 0 1 1 1 1 1 0 1 1 1 1 1 1 1 0 1 0 1 1 0 1]"
Ridge,"LogisticRegression(C=1, solver='liblinear')",{'C': 1},by counts,22,0.7235489337664173,0.7273351648351648,0.7541208791208791,0.7711864406779662,0.8367816091954023,0.802646085997795,0.48084064773790774,"[[185 108]
 [ 71 364]]","[1 0 1 0 1 1 1 1 1 1 1 1 0 1 0 1 1 1 1 0 0 1 1 1 1 1 1 0 1 1 1 1 1 1 1 0 0
 1 0 0 1 1 1 1 1 0 1 1 1 1 0 0 1 1 0 1 0 1 1 0 0 0 0 0 0 1 1 0 0 1 0 1 1 1
 1 0 0 0 1 0 1 1 1 1 1 0 1 1 1 0 1 1 0 1 1 1 0 1 0 0 1 0 1 0 1 0 1 0 1 1 0
 0 1 1 1 0 0 1 1 1 1 1 1 1 0 1 1 0 1 0 1 1 1 1 1 1 0 0 0 1 1 0 0 0 1 1 0 1
 0 1 0 1 1 1 1 1 0 0 1 0 0 0 0 0 1 1 1 1 1 1 1 1 0 1 1 1 1 1 0 1 1 1 0 1 0
 1 1 1 0 1 1 0 1 1 0 1 1 1 1 0 0 1 0 1 1 1 1 1 1 1 1 0 1 0 1 0 1 1 1 1 0 1
 1 0 1 1 1 1 0 0 1 0 1 1 1 0 1 1 1 0 0 1 1 0 1 1 1 0 0 0 0 0 0 0 1 1 1 1 1
 0 1 1 0 1 0 1 0 0 1 1 1 0 0 0 1 1 1 1 1 1 0 1 1 1 0 1 1 1 1 1 0 0 0 0 0 1
 1 1 1 0 1 0 1 1 1 1 0 1 1 1 1 0 1 1 1 1 1 1 0 0 1 1 1 1 1 0 1 0 1 1 0 1 1
 1 1 0 0 1 1 1 1 1 1 0 1 0 0 0 1 1 1 0 1 1 1 1 1 1 0 0 0 0 0 1 0 0 1 0 0 0
 1 0 0 1 0 0 1 1 1 0 1 0 1 1 1 1 1 1 0 1 1 0 1 0 0 1 1 1 1 1 0 1 1 0 1 0 0
 1 1 1 1 0 1 1 0 1 1 1 1 1 1 1 1 1 1 0 1 1 1 1 0 1 0 1 0 0 0 0 0 1 1 0 1 1
 0 1 1 0 1 1 1 1 1 1 1 1 1 0 1 1 1 0 1 1 1 0 1 1 0 1 1 1 0 0 0 1 1 1 1 0 0
 1 0 1 1 0 0 1 0 0 1 1 1 1 1 1 0 1 1 1 0 1 1 0 0 1 1 1 1 0 0 0 1 1 0 1 1 1
 0 1 1 0 0 1 1 1 1 1 1 1 1 1 0 1 1 1 1 1 0 1 1 1 1 0 1 1 1 1 1 0 0 0 1 0 0
 0 0 1 1 1 1 0 0 1 1 0 1 1 1 1 0 1 1 1 0 1 0 0 0 0 1 1 1 1 1 0 1 1 1 1 0 1
 0 1 0 1 1 1 0 1 1 0 1 1 1 1 0 0 1 1 1 1 1 1 0 0 0 0 1 1 0 0 1 0 1 1 1 1 0
 0 0 1 1 1 1 1 1 1 1 1 1 1 0 0 1 1 1 1 1 0 1 0 1 0 1 1 1 1 1 1 1 0 0 1 1 0
 0 1 0 1 1 0 0 0 0 0 1 1 1 1 1 0 0 0 1 1 0 0 1 0 1 1 1 0 1 1 0 1 1 1 1 0 0
 0 0 1 0 0 1 1 1 1 0 0 1 1 1 0 1 1 1 0 1 0 1 1 0 1]"
Ridge,"LogisticRegression(C=0.1, solver='liblinear')",{'C': 0.1},by counts,32,0.7269853598832557,0.7304258241758241,0.7472527472527473,0.7710583153347732,0.8206896551724138,0.7951002227171493,0.4677320990679838,"[[187 106]
 [ 78 357]]","[1 0 1 0 1 1 1 1 1 1 1 1 0 1 0 1 1 1 1 0 0 1 1 1 1 1 1 0 1 1 1 1 1 1 1 0 0
 1 0 0 1 1 0 1 1 0 1 1 1 1 0 0 1 1 0 1 0 1 1 0 0 0 0 0 0 1 1 0 0 1 0 1 1 1
 1 0 0 0 1 0 0 1 1 1 1 0 1 1 1 0 1 1 0 1 1 1 0 0 0 0 1 0 1 0 1 0 1 0 1 1 0
 0 1 1 1 0 0 1 1 1 1 1 1 1 0 1 1 0 1 0 1 1 1 1 1 1 0 0 0 1 1 0 0 0 1 1 0 1
 0 1 0 1 1 1 1 1 0 0 1 0 0 0 0 0 1 1 0 1 1 1 1 1 0 1 1 1 1 1 0 1 1 1 0 1 0
 1 1 1 0 1 1 0 1 1 0 1 0 1 1 0 0 1 0 1 1 1 1 1 1 1 1 1 1 0 1 0 1 1 1 1 0 1
 1 0 1 1 1 1 0 0 1 0 1 1 1 0 1 1 1 0 0 1 1 0 1 1 1 0 0 0 0 0 0 0 1 1 1 1 1
 0 1 1 0 1 0 1 0 0 1 1 1 0 0 0 1 1 1 1 1 1 0 1 1 1 0 1 0 1 1 1 0 0 0 0 0 1
 1 1 1 1 1 0 0 1 1 1 0 1 1 1 1 0 1 1 1 1 1 1 1 0 1 1 1 1 1 0 1 0 1 1 0 1 1
 1 1 0 0 1 1 1 1 1 1 0 1 0 0 0 1 1 1 0 1 1 1 1 1 1 0 0 0 0 0 1 0 0 1 0 0 0
 1 0 0 1 0 0 1 1 1 0 1 0 0 1 1 1 1 1 0 1 1 0 1 0 0 1 1 1 1 1 0 1 1 0 1 0 0
 1 1 1 0 0 1 1 0 1 1 1 0 1 1 1 1 1 1 0 1 1 1 1 1 1 0 1 0 0 0 0 0 1 1 0 1 1
 0 1 1 0 1 1 1 1 1 1 1 1 1 0 1 1 1 0 1 1 1 0 1 1 0 1 1 1 0 0 0 1 1 1 1 0 0
 1 0 1 1 0 0 1 0 0 1 1 0 1 1 0 0 1 1 1 0 1 1 0 0 1 1 1 1 0 0 0 1 1 0 1 1 0
 0 1 1 0 0 1 1 1 1 1 1 1 1 1 0 1 1 1 1 1 0 1 1 1 1 0 1 1 1 1 1 0 0 0 1 0 0
 0 0 1 1 1 1 0 0 1 1 0 1 1 1 1 0 1 1 1 0 1 0 0 0 0 1 1 1 1 1 0 1 1 1 1 0 1
 0 1 0 1 1 1 0 1 1 0 1 1 1 1 0 0 1 1 1 1 1 1 0 0 0 0 1 1 0 0 1 0 1 1 1 1 0
 0 0 1 1 1 1 0 1 1 1 1 1 1 0 0 1 1 1 1 1 0 1 0 1 0 1 1 1 1 1 1 1 0 0 1 1 0
 0 1 0 1 1 0 0 0 0 0 1 1 1 1 1 1 0 0 1 1 0 0 1 0 1 1 1 0 1 1 0 1 1 1 1 0 0
 0 0 0 0 0 1 1 1 1 1 0 1 1 1 0 1 1 1 0 1 0 1 1 0 1]"
Ridge,"LogisticRegression(C=0.1, solver='liblinear')",{'C': 0.1},by counts,43,0.726292190368592,0.7307692307692307,0.7431318681318682,0.7707423580786026,0.8114942528735632,0.7905935050391938,0.4600330236398054,"[[188 105]
 [ 82 353]]","[1 0 1 0 1 1 1 1 1 1 1 1 0 1 0 1 1 1 1 0 0 1 1 1 1 1 1 0 1 1 1 1 1 1 1 0 0
 1 1 0 1 1 1 1 1 0 0 1 1 1 0 0 1 1 0 1 0 1 1 0 0 1 0 0 0 1 1 0 0 1 0 0 1 1
 1 0 0 0 1 0 1 1 1 1 1 0 1 1 1 0 1 1 0 1 1 1 0 1 0 0 1 0 1 0 1 0 1 0 1 1 0
 0 1 1 1 0 0 1 1 1 1 1 1 1 0 1 1 0 1 0 1 1 1 1 1 1 0 0 0 1 1 0 0 0 1 1 0 1
 0 1 0 1 1 1 0 1 0 0 1 0 0 0 0 0 1 1 0 1 1 1 0 1 1 1 1 1 1 1 0 1 1 1 0 1 0
 1 1 1 0 1 1 0 1 1 0 1 0 1 1 0 0 1 0 1 1 1 1 1 1 1 1 1 1 0 1 0 1 1 1 1 0 1
 1 0 1 1 1 1 0 0 1 0 1 1 1 0 1 1 1 0 0 1 1 0 1 1 1 0 0 0 0 0 0 0 1 1 1 1 1
 0 1 1 0 1 0 1 0 0 1 1 1 0 0 0 1 1 1 1 1 1 0 1 1 1 0 1 0 1 1 1 0 0 0 0 0 1
 0 1 1 1 1 0 0 1 1 1 0 1 1 1 1 0 1 1 1 1 1 1 0 0 1 1 1 1 1 0 1 0 1 1 0 1 1
 1 1 0 0 1 1 1 1 1 1 0 1 0 0 0 1 0 1 0 1 1 1 1 1 1 0 0 0 0 0 1 0 0 1 0 0 0
 1 0 0 1 0 0 0 1 1 1 1 0 1 1 1 1 1 1 0 1 1 0 1 0 0 1 1 1 1 1 0 0 1 0 1 0 0
 1 1 1 0 0 1 1 0 1 1 1 0 1 1 1 1 1 1 0 1 1 1 1 1 1 0 0 0 0 0 0 0 1 1 0 1 1
 0 1 1 0 1 1 1 1 1 1 1 1 1 0 1 1 1 0 1 1 1 0 1 0 0 1 1 1 0 0 0 1 1 1 1 0 0
 1 0 1 1 0 0 1 0 0 1 1 0 1 1 0 0 1 1 1 0 1 1 0 0 1 1 1 1 0 0 0 1 1 0 0 1 0
 0 1 1 0 0 1 1 1 1 1 1 1 1 1 0 1 1 1 1 1 0 1 1 1 1 0 1 1 1 1 1 0 0 0 1 0 0
 0 0 1 1 1 1 0 0 1 1 0 1 1 1 1 0 1 1 1 0 1 0 0 0 0 1 1 1 1 1 0 1 1 1 1 0 1
 0 1 0 1 1 1 0 1 1 0 1 1 0 1 0 0 1 1 1 1 1 1 0 0 0 0 1 1 0 0 1 0 1 1 1 1 0
 0 0 1 1 1 1 0 1 1 1 1 1 1 0 0 1 1 1 1 1 0 1 0 1 0 1 1 1 1 1 1 1 0 0 1 1 0
 0 1 0 1 1 0 0 0 0 0 1 1 1 1 1 0 0 0 1 1 0 0 1 0 1 1 1 0 1 1 0 1 1 1 1 0 1
 0 0 0 0 0 1 1 1 1 1 0 1 1 1 0 1 1 1 0 1 0 1 1 0 1]"
Ridge,"LogisticRegression(C=10, solver='liblinear')",{'C': 10},by counts,48,0.7221790707527186,0.7314560439560439,0.7445054945054945,0.7700650759219089,0.8160919540229885,0.7924107142857143,0.462308133248461,"[[187 106]
 [ 80 355]]","[1 0 1 0 1 1 1 1 1 1 1 1 0 1 0 1 1 1 1 0 0 1 1 1 1 1 1 0 1 1 1 1 1 1 1 0 0
 1 1 0 1 1 1 1 1 0 0 1 1 1 0 0 1 1 0 1 0 1 1 0 0 0 0 0 0 1 1 0 0 1 0 0 1 1
 1 0 0 0 1 0 1 1 1 1 1 0 1 1 1 0 1 1 0 1 1 1 0 1 0 0 1 0 1 0 1 0 1 0 1 1 0
 0 1 1 1 0 0 1 1 1 1 1 1 1 0 1 1 0 1 0 1 1 1 1 1 1 0 0 0 1 1 0 0 0 1 1 0 1
 0 1 0 1 1 1 1 1 0 0 1 0 0 0 0 0 1 1 0 1 1 1 0 1 1 1 1 0 1 1 0 1 1 1 0 1 0
 1 1 1 0 1 1 0 1 1 0 1 0 1 1 0 1 1 0 1 1 1 1 1 1 1 1 1 1 0 1 0 1 1 1 1 0 1
 1 0 1 1 1 1 0 0 1 0 1 1 1 0 1 1 1 1 0 1 1 0 1 1 1 0 0 0 0 0 0 0 1 1 1 1 1
 0 1 1 0 1 0 1 0 0 1 1 1 0 0 0 1 1 1 1 1 1 0 1 1 1 0 1 0 1 1 1 0 0 0 0 0 1
 0 1 1 1 1 0 0 1 1 1 0 1 1 1 1 0 1 1 1 1 1 1 0 0 1 1 1 1 1 0 1 0 1 1 0 1 1
 1 1 0 0 1 1 1 1 1 1 0 1 0 0 0 1 0 1 0 1 1 1 1 1 1 0 0 0 0 0 1 0 0 1 0 0 0
 1 0 0 1 0 0 0 1 1 0 1 0 1 1 1 1 1 1 0 1 1 0 1 0 0 1 1 1 1 1 0 0 1 0 1 0 0
 1 1 1 1 0 1 1 0 1 1 1 0 1 1 1 1 1 1 0 1 1 1 1 1 1 0 1 0 0 0 0 0 1 1 0 1 1
 0 1 1 1 1 1 1 1 1 1 1 1 1 0 1 1 1 0 1 1 1 0 1 0 0 1 1 1 0 0 0 1 1 1 1 0 0
 1 0 1 1 0 0 1 0 0 1 1 0 1 1 1 0 1 1 1 0 1 1 0 0 1 1 1 1 0 0 0 1 1 0 0 1 0
 0 1 1 0 0 1 1 1 1 1 1 1 1 1 0 1 1 1 1 1 0 1 1 1 1 0 1 1 1 1 1 0 0 0 1 0 0
 0 0 1 1 1 1 0 0 1 1 0 1 1 1 1 0 1 1 1 0 1 0 0 0 0 1 1 1 1 1 0 1 1 1 1 0 1
 0 1 0 1 1 1 0 1 1 0 1 1 0 1 0 0 1 1 1 1 1 1 0 0 0 0 1 1 0 0 1 0 1 1 1 1 0
 0 0 1 1 1 1 0 1 1 1 1 1 1 0 0 1 1 1 1 1 0 1 0 0 0 1 1 1 1 1 1 1 0 0 1 1 0
 0 1 0 1 1 0 0 0 0 0 1 1 1 1 1 0 0 0 1 1 0 0 1 0 1 1 1 0 1 1 0 1 1 1 1 0 1
 0 0 0 0 0 1 1 1 1 1 0 1 1 1 0 1 1 1 0 1 0 1 1 0 1]"
Ridge,"LogisticRegression(C=100, solver='liblinear')",{'C': 100},No Reduction,51,0.7221802476109778,0.7317994505494505,0.7458791208791209,0.7705627705627706,0.8183908045977012,0.7937569676700112,0.465015913631607,"[[187 106]
 [ 79 356]]","[1 0 1 0 1 1 1 1 1 1 1 1 0 1 0 1 1 1 1 0 0 1 1 1 1 1 1 0 1 1 1 1 1 1 1 0 0
 1 1 0 1 1 1 1 1 0 0 1 1 1 0 0 1 1 0 1 0 1 1 0 0 0 0 0 0 1 1 0 0 1 0 0 1 1
 1 0 0 0 1 0 1 1 1 1 1 0 1 1 1 0 1 1 0 1 1 1 0 1 0 0 1 0 1 0 1 0 1 0 1 1 0
 0 1 1 1 0 0 1 1 1 1 1 1 1 0 1 1 0 1 0 1 1 1 1 1 1 0 0 0 1 1 0 0 0 1 1 0 1
 0 1 0 1 1 1 1 1 0 0 1 0 0 0 0 0 1 1 0 1 1 1 0 1 1 1 1 0 1 1 0 1 1 1 0 1 0
 1 1 1 0 1 1 0 1 1 0 1 0 1 1 0 1 1 0 1 1 1 1 1 1 1 1 1 1 0 1 0 1 1 1 1 0 1
 1 0 1 1 1 1 0 0 1 0 1 1 1 0 1 1 1 1 0 1 1 0 1 1 1 0 0 0 0 0 0 0 1 1 1 1 1
 0 1 1 0 1 0 1 0 0 1 1 1 0 0 0 1 1 1 1 1 1 0 1 1 1 0 1 0 1 1 1 0 0 0 0 0 1
 0 1 1 1 1 1 0 1 1 1 0 1 1 1 1 0 1 1 1 1 1 1 0 0 1 1 1 1 1 0 1 0 1 1 0 1 1
 1 1 0 0 1 1 1 1 1 1 0 1 0 0 0 1 0 1 0 1 1 1 1 1 1 0 0 0 0 0 1 0 0 1 0 0 0
 1 0 0 1 0 0 0 1 1 0 1 0 1 1 1 1 1 1 0 1 1 0 1 0 0 1 1 1 1 1 0 1 1 0 1 0 0
 1 1 1 1 0 1 1 0 1 1 1 0 1 1 1 1 1 1 0 1 1 1 1 1 1 0 1 0 0 0 0 0 1 1 0 1 1
 0 1 1 1 1 1 1 1 1 1 1 1 1 0 1 1 1 0 1 1 1 0 1 0 0 1 1 1 0 0 0 1 1 1 1 0 0
 1 0 0 1 0 0 1 0 0 1 1 0 1 1 1 0 1 1 1 0 1 1 0 0 1 1 1 1 0 0 0 1 1 0 0 1 0
 0 1 1 0 0 1 1 1 1 1 1 1 1 1 0 1 1 1 1 1 0 1 1 1 1 0 1 1 1 1 1 0 0 0 1 0 0
 0 0 1 1 1 1 0 0 1 1 0 1 1 1 1 0 1 1 1 0 1 0 0 0 0 1 1 1 1 1 0 1 1 1 1 0 1
 0 1 0 1 1 1 0 1 1 0 1 1 0 1 0 0 1 1 1 1 1 1 0 0 0 0 1 1 0 0 1 0 1 1 1 1 0
 0 0 1 1 1 1 0 1 1 1 1 1 1 0 0 1 1 1 1 1 0 1 0 0 0 1 1 1 1 1 1 1 0 0 1 1 0
 0 1 0 1 1 0 0 0 0 0 1 1 1 1 1 0 0 0 1 1 0 0 1 0 1 1 1 0 1 1 0 1 1 1 1 0 1
 0 0 0 0 0 1 1 1 1 1 0 1 1 1 0 1 1 1 0 1 0 1 1 0 1]"
KNN,KNeighborsClassifier(n_neighbors=11),{'n_neighbors': 11},by counts,4,0.7084474885844749,0.7458791208791209,0.728021978021978,0.7443298969072165,0.8298850574712644,0.7847826086956522,0.4229157906856653,"[[169 124]
 [ 74 361]]","[1 0 1 0 1 1 1 0 0 1 1 1 0 1 1 1 1 1 1 0 0 1 1 1 0 1 1 0 1 1 1 1 0 1 1 0 0
 1 1 1 1 1 0 1 0 0 1 1 1 1 0 1 0 0 1 1 0 1 1 0 0 0 1 0 0 1 1 1 0 1 0 1 1 1
 0 0 0 0 1 0 1 0 1 1 1 0 1 1 1 0 1 1 1 1 1 1 0 0 1 0 1 0 1 0 1 0 1 0 1 1 0
 0 1 1 1 0 0 1 1 1 1 1 1 1 1 1 1 0 1 0 1 1 1 1 1 1 0 1 0 1 1 1 0 0 1 1 0 1
 0 1 0 1 1 1 1 1 0 1 1 0 0 0 0 1 1 0 0 1 1 1 0 1 1 1 1 0 1 1 1 1 1 1 1 1 1
 1 1 1 0 1 1 0 1 0 0 1 1 1 1 0 0 1 0 1 1 1 1 1 1 1 1 0 1 0 1 0 1 1 1 0 0 1
 0 0 1 1 1 1 0 0 1 1 1 0 1 1 0 1 1 1 1 0 1 0 1 0 1 0 1 1 0 0 1 1 1 1 1 1 1
 0 1 1 0 1 1 1 0 0 1 1 1 0 0 1 1 1 1 1 1 1 0 1 1 1 1 1 0 1 1 1 0 1 0 0 0 1
 1 1 1 1 1 0 0 1 0 1 0 1 1 1 1 1 1 1 1 1 1 1 1 0 1 1 1 1 1 0 1 1 1 1 0 1 1
 0 1 1 0 1 0 1 1 1 1 0 1 0 1 0 0 1 1 1 1 1 1 0 1 1 1 0 1 0 0 1 0 1 1 1 1 1
 1 0 1 1 0 1 1 1 1 1 1 0 1 1 1 0 1 1 1 1 1 1 1 0 0 1 1 1 1 1 0 1 1 0 0 0 0
 1 1 1 1 0 1 1 1 1 1 1 0 1 1 0 1 1 1 0 0 1 1 0 1 1 0 0 0 0 1 0 0 1 1 0 1 1
 1 1 0 1 1 1 1 1 1 0 0 0 1 0 1 1 1 0 1 0 1 0 1 1 0 1 1 1 1 0 0 1 0 1 0 0 0
 1 1 0 1 0 0 1 0 1 1 1 0 1 1 0 0 1 1 1 0 1 1 0 1 1 1 1 1 1 0 1 1 1 0 0 1 1
 0 1 1 0 0 1 1 1 0 1 1 1 1 1 0 0 1 1 1 0 0 1 1 1 1 1 1 0 1 1 1 0 0 0 1 0 0
 1 0 1 1 1 0 0 1 1 1 0 1 1 1 1 1 1 0 1 1 1 0 0 0 0 1 0 1 1 1 0 1 1 0 0 0 1
 0 1 0 1 1 0 1 0 1 0 1 1 1 1 0 0 1 0 1 1 1 1 0 0 0 0 0 1 0 1 1 1 1 1 1 1 0
 1 0 0 1 1 0 1 1 1 0 1 0 1 0 0 1 0 1 1 1 0 0 0 1 0 1 1 1 1 1 1 1 0 0 1 1 1
 0 1 1 1 1 0 0 1 0 0 1 1 1 1 1 1 0 1 1 1 0 0 1 1 1 1 1 1 1 1 0 1 1 1 1 0 0
 0 1 1 0 0 1 0 1 1 1 1 1 0 1 1 1 1 0 1 1 1 1 1 1 1]"
KNN,KNeighborsClassifier(n_neighbors=9),{'n_neighbors': 9},by counts,9,0.7166819658240362,0.7623626373626373,0.7307692307692307,0.7443762781186094,0.8367816091954023,0.7878787878787878,0.428330340294356,"[[168 125]
 [ 71 364]]","[1 0 1 0 1 1 1 1 1 1 0 1 1 1 0 1 1 1 1 0 0 1 1 1 1 1 1 0 1 1 1 1 1 1 1 1 0
 0 0 1 1 1 0 1 1 0 1 1 1 1 0 0 1 1 1 1 0 1 1 0 0 0 1 0 0 1 1 1 1 1 0 0 1 1
 0 0 0 0 1 1 1 0 1 1 1 0 1 1 1 1 1 1 1 1 1 1 0 1 1 0 1 0 1 1 1 1 1 0 1 1 0
 0 1 1 1 0 0 1 1 1 1 1 1 1 0 1 1 0 1 0 1 1 1 1 1 1 0 1 0 1 1 0 0 1 1 1 0 1
 0 1 0 1 1 1 1 1 0 0 0 0 0 0 0 1 1 0 0 1 1 1 0 1 0 1 1 1 1 1 0 1 1 1 1 1 1
 1 1 1 0 0 1 0 1 1 0 1 1 1 1 1 0 1 0 1 0 1 1 1 1 1 1 1 1 1 1 0 1 1 1 1 0 1
 0 0 1 1 1 1 0 0 1 0 1 0 1 1 0 1 1 0 1 0 1 0 0 1 1 1 0 0 1 0 0 1 1 1 1 1 1
 0 1 0 0 0 0 1 0 0 1 1 1 1 0 1 1 1 0 1 1 1 0 1 1 1 1 1 1 1 1 1 0 0 0 0 0 1
 0 1 1 1 1 0 0 1 1 1 0 1 1 1 1 0 1 1 1 1 1 1 1 0 1 1 1 1 1 1 1 0 1 1 0 1 1
 1 1 0 0 1 1 1 1 1 1 0 1 0 1 0 0 1 1 1 1 0 1 0 1 1 0 1 0 0 0 1 0 0 1 0 1 1
 1 0 1 0 0 0 1 1 1 1 1 1 1 1 1 1 1 1 0 1 0 0 1 0 0 1 1 1 1 1 0 1 1 0 0 0 0
 1 1 1 1 0 1 1 0 1 1 1 1 1 1 1 1 1 1 0 0 1 1 1 1 1 0 1 0 1 1 0 0 1 1 0 0 1
 0 1 0 1 1 1 1 1 1 1 0 1 1 0 1 1 1 0 1 0 1 0 1 1 0 1 1 0 1 0 0 1 1 1 1 0 0
 1 0 1 1 0 0 1 0 0 1 0 1 1 1 0 0 1 1 1 0 1 1 0 0 1 1 1 1 1 0 1 1 1 0 0 1 1
 0 1 1 0 0 1 1 1 1 1 1 1 1 1 1 0 1 1 1 1 1 1 1 0 1 0 1 0 1 1 1 0 0 1 1 0 0
 0 0 1 1 1 1 1 1 1 1 0 1 1 1 1 0 1 1 1 1 1 0 0 1 0 1 1 0 1 0 0 1 1 1 0 0 1
 1 1 0 1 1 0 1 1 1 0 0 1 1 1 0 0 1 0 1 1 1 1 0 0 0 0 0 1 0 0 1 1 1 1 1 1 0
 1 1 0 1 1 1 1 0 1 1 1 1 1 0 0 0 1 0 1 1 0 0 0 1 1 1 1 1 1 1 1 1 0 0 1 1 0
 0 1 1 1 1 0 0 0 1 0 1 1 1 1 1 1 0 0 1 0 0 1 1 1 1 1 1 0 1 1 0 1 1 1 1 1 0
 0 0 1 0 0 1 0 0 1 1 1 1 1 1 1 1 1 1 1 1 1 1 1 1 1]"
KNN,KNeighborsClassifier(n_neighbors=11),{'n_neighbors': 11},by counts,15,0.7005554770983383,0.7506868131868132,0.6923076923076923,0.7230443974630021,0.7862068965517242,0.7533039647577092,0.3485906319358416,"[[162 131]
 [ 93 342]]","[1 1 1 1 1 1 1 1 0 1 1 1 0 1 0 1 1 1 1 0 0 1 1 1 1 1 1 0 1 1 1 1 1 1 1 1 0
 0 0 0 1 1 0 1 1 0 1 1 1 1 0 1 1 1 0 0 1 1 1 1 0 1 0 0 0 1 1 0 1 1 0 0 1 1
 0 0 0 1 1 0 1 1 1 1 1 0 1 1 1 1 1 1 1 1 1 0 0 1 0 0 1 0 1 1 1 0 1 0 1 1 0
 0 1 1 0 0 0 1 1 1 1 1 0 0 0 1 1 0 1 0 1 1 1 1 1 1 0 0 1 1 1 0 0 0 1 0 0 1
 0 1 0 1 1 1 1 1 0 0 1 1 0 0 0 0 1 1 1 1 1 0 1 1 0 0 1 0 1 1 0 1 1 1 0 1 1
 1 1 1 0 0 1 0 1 1 0 1 1 1 1 0 0 1 0 1 0 1 1 1 1 1 1 0 1 1 1 0 1 1 1 1 0 0
 1 0 1 1 1 1 1 0 1 0 0 0 1 1 0 1 1 0 0 1 1 0 1 1 1 0 0 0 1 0 1 1 1 1 1 1 1
 0 1 1 0 1 0 1 0 0 1 1 1 1 0 1 1 1 1 1 1 1 0 1 1 1 0 1 1 0 1 1 0 0 0 0 0 1
 1 1 1 0 0 0 1 1 1 1 0 1 1 1 1 0 1 1 1 1 1 1 1 0 1 1 1 0 1 0 1 0 1 1 0 1 1
 1 1 0 0 1 0 1 1 1 1 0 1 1 0 0 0 1 1 1 1 0 1 0 1 1 1 0 0 0 0 1 0 1 1 1 0 0
 1 0 1 1 0 1 1 1 1 1 1 0 1 1 1 1 1 1 0 1 0 0 1 0 0 0 1 1 1 1 0 1 1 0 0 0 0
 1 0 1 0 0 1 1 0 1 1 1 1 1 1 1 0 1 1 0 0 1 1 1 0 1 0 1 0 0 0 0 0 0 1 0 0 1
 0 1 0 1 1 1 1 1 1 1 0 1 1 0 1 1 1 1 1 0 1 0 1 1 0 1 1 0 0 0 0 1 1 1 1 1 1
 1 0 1 1 0 0 1 0 0 1 0 0 1 0 1 0 1 1 1 0 0 1 0 0 1 1 1 1 1 0 1 1 1 0 1 1 1
 0 1 1 0 0 1 1 1 1 1 0 1 1 1 0 0 1 1 1 1 1 1 1 1 1 0 1 1 1 1 1 0 0 1 1 0 0
 1 0 1 1 1 0 0 1 1 1 0 1 1 1 1 0 1 1 1 1 0 0 0 0 0 0 1 1 1 1 0 1 1 1 0 0 1
 0 1 0 1 1 1 0 0 1 0 1 1 1 1 0 0 1 1 1 1 1 1 1 0 1 0 0 1 0 1 1 0 1 1 1 1 0
 1 1 1 1 1 0 1 1 1 1 1 1 1 0 0 0 0 1 1 1 0 0 1 1 0 1 1 1 1 1 1 1 0 0 1 1 0
 0 1 1 1 1 1 0 0 0 0 1 1 1 1 1 0 0 0 1 1 0 1 1 1 1 1 1 0 1 1 0 1 0 1 1 0 1
 0 1 1 0 1 1 1 0 1 1 0 1 1 1 1 1 1 1 0 1 0 1 1 1 1]"
KNN,KNeighborsClassifier(n_neighbors=11),{'n_neighbors': 11},by counts,22,0.6819964223508921,0.7328296703296703,0.695054945054945,0.7186858316221766,0.8045977011494253,0.7592190889370932,0.35120628792487574,"[[156 137]
 [ 85 350]]","[1 0 1 0 1 1 1 1 1 1 1 1 0 1 1 1 1 1 1 0 0 1 1 1 1 1 1 0 1 1 1 1 1 0 1 1 0
 1 1 0 1 1 0 1 0 0 1 1 1 1 1 1 1 1 0 0 0 1 1 1 0 0 0 0 0 1 1 0 1 1 0 1 1 1
 0 0 0 1 1 0 1 1 1 1 1 1 1 1 1 1 1 1 0 1 1 0 0 1 0 0 1 0 1 1 1 0 1 0 1 1 0
 1 1 1 1 0 0 1 1 1 1 1 1 1 0 0 1 0 1 0 1 1 1 1 1 1 0 0 1 1 1 0 0 1 1 0 0 1
 0 1 0 1 1 1 1 1 0 1 1 1 0 1 0 0 1 1 1 1 0 0 1 1 1 1 1 1 1 1 0 1 1 1 0 1 0
 1 1 0 0 1 1 0 1 1 0 1 0 1 1 1 0 1 0 1 1 0 1 1 1 1 1 0 1 1 1 0 1 1 1 1 0 0
 1 1 1 1 1 1 1 0 1 0 0 0 1 1 1 1 1 0 1 1 1 0 1 1 1 0 0 1 0 1 0 1 1 1 1 1 0
 0 1 1 0 1 0 0 0 0 1 1 1 0 0 1 1 1 1 1 0 1 0 1 1 1 0 1 1 1 0 1 0 0 0 0 0 1
 1 1 1 0 0 0 1 0 0 1 0 1 1 1 1 1 1 1 1 1 1 1 1 0 1 0 1 1 1 1 1 0 1 1 0 1 1
 1 0 0 0 1 1 1 1 1 1 0 1 1 0 0 1 1 1 1 1 1 1 1 1 1 1 0 1 1 0 1 0 0 1 0 0 1
 1 1 1 1 0 0 0 1 1 1 1 0 0 1 1 1 1 1 0 0 1 0 1 0 0 0 1 1 1 1 0 1 1 1 0 0 0
 1 1 1 0 0 1 1 0 1 1 1 1 1 0 1 1 1 1 0 1 1 1 1 0 1 0 0 0 1 1 0 0 1 1 0 1 1
 0 1 0 0 1 1 1 1 1 1 0 1 1 0 1 1 1 1 1 0 1 0 1 1 0 1 1 1 0 0 0 1 1 1 1 0 1
 0 1 0 1 0 1 1 0 1 0 1 0 0 1 0 0 1 1 1 0 1 1 0 0 1 1 1 1 1 0 1 1 1 0 0 0 1
 0 1 1 0 0 1 1 1 1 1 0 1 1 1 1 1 1 1 0 0 1 1 1 1 1 1 1 1 1 1 1 0 0 0 0 0 0
 0 0 1 1 1 1 0 1 1 1 0 1 1 1 1 0 1 0 1 0 0 0 0 0 1 1 1 1 1 1 0 1 1 0 0 0 1
 1 1 0 1 1 1 0 0 1 0 1 1 1 1 0 0 1 1 1 1 1 1 1 0 1 0 0 1 0 0 1 1 1 1 1 1 0
 1 1 1 1 1 1 1 1 1 1 1 1 1 0 0 1 0 1 1 1 0 1 1 1 0 1 1 1 1 1 1 1 0 0 1 1 0
 0 1 0 1 1 0 1 0 0 0 1 1 1 1 1 0 0 0 1 1 0 1 1 1 0 1 0 1 1 1 1 1 1 1 1 0 1
 0 1 1 0 1 1 1 0 1 1 1 1 1 0 1 0 1 1 1 1 0 1 1 1 1]"
KNN,KNeighborsClassifier(n_neighbors=11),{'n_neighbors': 11},by counts,32,0.6761662665348587,0.7348901098901099,0.6978021978021978,0.7282377919320594,0.7885057471264367,0.7571743929359824,0.36083338164993967,"[[165 128]
 [ 92 343]]","[1 0 1 0 1 1 0 1 1 1 1 1 0 1 1 1 1 1 0 1 0 1 1 1 1 1 1 0 1 1 0 1 1 0 1 1 0
 1 1 0 0 1 0 1 1 0 1 0 1 1 1 0 1 1 0 0 0 1 0 0 0 1 0 0 1 1 1 0 0 1 0 1 1 1
 0 0 0 0 1 0 1 1 1 1 1 0 1 1 0 1 1 1 1 1 1 0 0 0 1 0 1 1 1 0 1 0 1 0 1 1 0
 0 1 1 1 0 0 1 1 1 0 1 1 0 0 1 1 0 1 0 1 1 1 1 1 1 0 0 1 1 1 1 0 0 1 0 0 1
 1 1 0 1 1 1 1 1 1 0 0 0 0 0 0 0 0 0 1 1 0 1 1 1 0 1 1 1 1 0 1 1 1 1 0 1 0
 0 0 0 0 1 0 0 1 1 0 1 0 1 1 1 1 0 0 1 1 1 1 0 1 1 1 1 0 1 1 0 1 1 1 0 0 1
 1 0 1 1 1 1 0 0 1 0 0 0 1 1 0 1 1 1 0 1 1 0 0 1 1 0 1 1 0 1 1 1 1 1 1 1 0
 0 1 1 0 1 0 0 1 1 1 1 1 1 0 0 1 0 1 1 1 1 0 1 1 1 1 1 1 1 0 0 0 0 0 0 0 1
 0 1 1 1 1 0 1 1 1 1 0 1 1 1 1 0 1 1 1 1 0 1 1 0 1 0 1 1 1 0 1 0 1 1 0 1 1
 1 1 0 0 1 1 1 1 0 1 0 1 1 0 0 1 1 0 1 1 1 1 1 1 0 1 1 0 1 0 1 1 1 1 0 0 1
 1 1 0 1 0 1 1 1 1 1 1 0 1 0 1 1 1 1 0 1 1 0 1 0 1 1 1 1 1 1 0 1 1 0 1 1 0
 1 0 1 1 0 1 1 0 1 1 1 1 1 0 1 0 1 1 0 0 1 1 1 0 1 0 0 0 1 1 0 1 1 1 0 1 1
 0 1 1 1 1 1 1 1 1 0 0 1 1 0 1 1 1 0 1 1 1 0 1 1 1 1 1 1 0 0 0 1 1 1 1 0 1
 1 1 1 1 0 1 1 0 0 1 0 0 1 0 0 0 1 1 1 1 0 1 0 0 1 0 1 1 1 1 0 1 1 0 0 1 1
 0 1 1 0 0 1 1 1 1 1 1 1 1 1 0 1 1 1 0 1 0 1 1 1 1 0 1 1 1 1 1 1 0 1 1 0 0
 0 0 1 1 1 1 0 1 1 1 0 1 1 1 1 0 1 0 1 1 0 0 0 0 0 1 0 1 0 1 0 1 0 1 0 0 1
 1 0 0 1 1 0 0 1 0 0 1 1 1 1 0 0 1 0 1 1 1 1 0 0 1 0 0 1 0 1 1 1 1 1 1 1 0
 1 0 1 1 1 0 1 1 1 1 1 1 1 0 0 1 1 1 1 1 0 0 0 1 0 1 1 1 1 1 1 1 0 0 1 1 0
 0 1 0 1 1 1 0 0 0 0 1 1 1 1 1 0 0 0 1 1 0 1 1 1 1 1 1 1 1 1 1 1 1 1 1 1 1
 0 1 0 0 1 0 0 0 1 1 1 1 1 0 1 0 1 0 1 1 0 1 1 1 1]"
KNN,KNeighborsClassifier(n_neighbors=9),{'n_neighbors': 9},by counts,43,0.6720425551946525,0.7438186813186813,0.6936813186813187,0.7334801762114538,0.7655172413793103,0.749156355455568,0.3568563544041979,"[[172 121]
 [102 333]]","[1 0 1 0 1 1 1 0 1 1 1 1 1 1 1 1 1 1 0 0 0 1 0 0 1 1 1 1 1 1 1 1 0 0 1 0 0
 1 1 0 0 1 0 1 1 1 1 1 1 1 1 0 1 1 1 0 0 1 0 0 0 1 0 0 0 0 1 0 1 1 0 0 1 0
 1 0 0 1 1 0 1 1 1 1 1 0 1 0 0 1 1 1 1 1 0 1 0 1 0 0 1 0 1 0 1 1 1 0 1 1 0
 0 1 1 1 0 0 1 1 1 1 1 1 0 0 1 1 1 1 0 0 1 1 1 1 1 0 1 0 1 1 1 0 1 1 0 1 1
 1 1 0 1 1 1 0 1 0 1 1 0 0 1 1 0 1 0 0 1 1 1 1 1 0 1 1 1 0 1 1 0 1 1 0 1 0
 1 1 1 0 0 1 0 1 1 0 1 0 1 1 1 1 0 0 1 1 1 1 0 1 1 1 1 0 1 1 0 1 1 1 1 0 0
 1 0 1 1 1 1 1 0 1 0 0 1 1 0 1 1 1 1 1 0 1 0 1 1 1 0 0 0 0 0 0 1 1 1 1 1 1
 0 1 1 0 1 0 1 0 1 1 1 1 1 0 1 1 1 1 1 1 1 0 1 1 1 1 1 1 1 0 0 0 0 0 0 0 1
 1 1 1 1 0 0 1 1 1 1 0 1 1 1 1 0 0 0 1 1 0 0 1 0 1 1 1 0 1 0 1 0 1 1 1 1 1
 1 1 1 0 1 1 1 1 1 1 0 1 1 1 0 1 1 1 1 1 0 1 1 1 0 1 0 0 0 0 0 1 1 1 0 0 1
 1 1 0 0 0 1 0 1 1 1 1 0 1 0 1 0 1 1 1 1 0 0 1 0 0 1 1 1 1 1 0 0 1 0 0 0 0
 1 0 1 1 0 1 1 1 1 1 0 0 1 0 1 0 0 1 0 0 1 1 1 0 1 0 0 0 0 1 0 1 1 1 0 1 1
 0 1 1 0 1 1 0 1 1 1 0 1 1 0 1 1 1 0 1 0 0 0 1 1 0 1 1 0 0 0 0 1 1 1 0 1 1
 1 1 0 1 0 0 1 0 0 1 1 0 1 1 0 0 1 1 1 0 0 1 0 0 1 1 0 1 1 0 1 1 1 0 1 1 1
 0 1 1 0 0 1 1 1 1 1 1 1 1 1 0 0 1 1 0 0 1 1 1 1 1 0 1 1 1 1 1 0 0 0 0 0 0
 0 0 1 1 1 0 0 1 1 1 1 1 1 1 1 0 1 0 1 0 0 0 0 0 0 1 0 1 1 1 0 1 0 0 0 0 1
 1 1 0 1 1 0 0 0 0 0 1 1 1 1 0 0 1 0 1 1 1 1 0 0 1 0 0 1 0 0 1 1 1 1 1 1 0
 1 0 1 1 1 0 1 1 1 0 1 1 1 0 0 1 1 1 1 1 0 0 0 1 0 1 1 0 0 1 0 1 0 0 1 1 0
 0 1 0 1 1 1 0 0 0 0 1 1 1 1 1 1 0 0 1 0 1 0 0 1 1 1 1 1 1 1 0 0 1 1 1 0 1
 1 1 1 0 1 1 0 1 1 1 0 0 1 1 1 1 1 0 1 1 1 1 1 1 1]"
KNN,KNeighborsClassifier(n_neighbors=11),{'n_neighbors': 11},by counts,48,0.6768441368921528,0.7276785714285714,0.6717032967032966,0.71875,0.7402298850574712,0.7293318233295583,0.3126772378012723,"[[167 126]
 [113 322]]","[1 0 1 0 1 1 1 0 0 1 1 1 0 1 1 1 1 1 0 0 0 1 0 0 1 1 1 1 1 1 1 1 0 0 1 0 0
 1 1 0 0 1 0 1 1 1 1 1 1 1 1 0 1 1 0 0 1 1 0 1 0 1 0 0 0 0 1 0 1 1 0 1 1 0
 1 0 0 1 1 0 1 1 1 1 1 0 1 1 0 1 1 1 1 1 0 1 0 1 0 0 1 0 1 0 1 0 1 0 1 1 0
 1 1 1 1 0 0 1 1 1 1 1 1 0 0 1 1 0 1 0 0 1 0 1 1 1 0 1 0 1 1 1 1 0 1 0 0 1
 1 1 0 1 1 1 1 1 0 1 0 0 0 0 1 0 1 1 0 1 1 1 1 1 0 1 1 1 1 1 0 0 1 1 0 0 0
 1 1 0 1 1 1 0 1 1 0 1 0 1 1 1 1 1 0 1 1 1 1 0 1 1 1 0 0 0 1 0 1 1 1 1 0 0
 1 1 1 1 1 1 1 0 1 0 0 1 1 0 0 1 1 1 1 0 1 0 1 1 1 0 0 0 0 0 1 1 1 0 1 1 0
 0 1 1 0 0 0 1 0 0 1 1 1 1 0 1 1 1 1 1 1 1 0 1 1 1 0 1 1 1 0 1 0 0 0 0 0 1
 1 1 1 1 0 1 1 1 1 1 0 1 1 1 1 0 1 1 1 1 0 0 1 0 1 0 1 0 1 0 1 0 1 1 0 1 1
 1 1 1 0 1 1 1 1 1 1 0 1 1 1 0 1 1 1 1 1 1 1 1 1 0 1 0 1 0 0 0 0 1 1 1 0 1
 1 1 0 0 0 1 0 1 1 1 1 0 0 0 1 0 1 1 0 1 0 0 1 1 1 1 1 1 1 1 0 1 1 0 0 0 0
 1 1 1 1 0 1 1 1 1 1 0 1 1 0 1 1 0 1 0 1 1 0 1 0 1 0 1 0 0 0 0 0 1 1 0 1 1
 0 1 1 1 1 1 0 1 1 0 0 1 1 0 1 1 1 0 1 1 1 0 1 1 0 1 1 0 0 0 0 0 1 1 0 1 0
 1 1 0 1 0 0 1 0 0 1 1 0 1 1 0 0 0 1 1 0 0 1 0 0 1 1 0 1 1 0 1 0 1 0 1 0 0
 0 1 1 0 0 1 1 1 1 1 1 1 1 1 0 1 1 1 0 1 1 1 1 0 1 0 1 1 1 1 1 0 0 0 0 0 0
 0 1 0 1 0 1 0 1 1 1 0 1 1 1 1 0 1 0 1 0 0 0 0 0 0 1 1 0 1 1 1 1 0 1 0 0 1
 1 1 0 1 1 0 0 1 0 0 1 1 1 1 0 0 1 0 1 1 1 0 0 1 0 0 0 1 0 0 1 0 1 1 1 1 0
 0 1 0 1 1 0 1 1 1 1 1 1 1 0 0 1 1 1 1 1 0 0 0 1 0 0 1 1 1 1 0 1 0 0 1 1 1
 0 1 0 1 1 1 0 0 0 0 1 1 1 1 1 0 0 0 1 0 1 1 0 1 1 1 0 1 1 1 0 0 1 1 0 0 1
 1 1 1 0 1 0 1 0 1 1 0 1 1 1 1 0 1 0 1 1 0 1 1 1 0]"
KNN,KNeighborsClassifier(n_neighbors=11),{'n_neighbors': 11},No Reduction,51,0.6655227604387328,0.7249313186813187,0.6552197802197802,0.6991341991341992,0.7425287356321839,0.7201783723522854,0.273058418372565,"[[154 139]
 [112 323]]","[1 0 1 0 1 1 1 0 0 1 1 1 0 1 1 1 1 1 0 0 0 1 0 0 0 1 1 1 1 1 1 1 0 0 1 0 0
 1 1 0 0 1 0 1 1 1 1 1 1 1 0 0 1 1 1 0 1 1 0 1 0 1 0 0 0 0 1 0 0 1 0 1 1 0
 1 0 0 0 1 0 1 1 1 1 1 0 1 1 0 1 1 1 1 1 0 1 0 1 0 1 1 1 1 0 1 1 1 0 1 1 0
 1 1 1 1 0 0 1 1 1 1 1 1 0 0 1 1 1 1 0 0 1 0 1 1 1 0 1 0 1 1 1 1 0 1 0 0 1
 1 1 0 1 1 1 1 1 0 1 0 0 0 0 0 1 1 1 0 1 1 1 1 1 0 1 1 1 1 1 0 0 1 1 0 0 0
 1 1 1 1 1 1 0 1 1 0 1 0 1 1 1 1 1 0 1 1 1 1 0 1 1 1 1 0 1 1 0 1 1 1 1 0 1
 1 1 0 1 1 1 0 0 1 0 0 1 1 0 0 1 1 1 1 0 1 0 1 1 1 1 0 0 0 1 1 1 1 0 1 1 0
 0 1 1 0 0 0 1 0 1 1 1 1 1 0 1 1 1 1 1 1 1 0 1 1 1 0 1 1 1 1 1 0 1 0 0 0 1
 1 1 1 1 0 0 0 1 1 1 1 1 1 1 1 0 1 1 1 1 0 0 1 0 1 1 1 0 1 0 1 0 1 1 0 1 1
 1 1 1 0 1 1 1 1 1 1 0 1 1 1 0 1 1 1 1 1 1 1 0 1 0 1 0 1 1 0 1 0 1 1 0 0 1
 1 1 0 0 0 1 1 1 1 1 1 0 0 1 1 0 1 1 0 1 0 0 1 0 1 1 1 1 1 1 0 1 1 0 0 0 0
 1 1 1 0 0 1 1 1 1 1 0 1 1 1 1 1 0 1 0 0 1 0 0 0 1 0 1 0 0 0 0 0 1 1 0 1 1
 0 1 1 1 1 1 0 1 1 0 0 1 1 1 1 1 1 0 1 1 1 0 1 1 0 1 1 0 0 0 0 0 1 1 0 1 1
 1 1 0 1 0 0 1 0 0 1 1 0 1 1 0 0 1 1 1 0 0 1 0 0 1 1 1 1 1 1 1 0 1 0 1 0 0
 0 1 1 0 0 1 1 1 1 1 1 1 1 1 1 0 1 1 1 1 1 1 1 0 1 0 1 1 1 1 1 1 0 0 1 0 0
 0 1 0 1 0 0 0 1 1 1 0 1 1 1 1 0 1 0 1 0 0 0 0 0 0 1 1 0 1 0 1 1 0 1 1 0 1
 0 0 0 1 1 1 0 1 1 0 1 1 1 1 0 0 1 1 1 1 1 0 0 0 1 1 0 1 0 0 1 0 1 1 1 0 0
 1 1 0 1 1 0 1 1 1 1 1 1 1 0 0 1 1 1 1 1 0 0 0 1 0 0 1 0 1 1 0 1 0 0 1 1 1
 0 1 0 1 1 1 0 0 0 0 1 1 1 1 1 0 0 0 1 0 1 1 0 1 0 1 1 1 1 1 0 1 1 1 1 0 1
 0 1 0 0 1 0 0 1 1 1 1 1 1 1 0 0 1 0 1 1 0 0 1 1 0]"
SVM-Linear,"SVC(C=0.1, kernel='linear', random_state=123)",{'C': 0.1},by counts,4,0.7146283481617474,0.717032967032967,0.7348901098901099,0.7429718875502008,0.8505747126436781,0.7931404072883173,0.43641607924515113,"[[165 128]
 [ 65 370]]","[1 0 1 0 1 1 1 0 1 1 1 1 0 1 0 1 1 1 1 0 0 1 1 1 0 1 1 0 1 1 1 1 1 1 1 1 0
 1 1 0 1 1 0 1 1 0 1 1 1 1 0 0 1 1 0 1 1 1 1 1 0 0 0 0 0 1 1 1 1 1 0 1 1 1
 0 0 0 0 1 0 1 0 1 1 1 0 1 1 1 0 1 1 0 1 1 1 0 1 0 0 1 0 1 0 1 0 1 0 0 1 0
 0 1 1 1 0 0 1 1 1 1 1 1 1 1 1 1 0 1 0 1 1 1 1 1 1 0 1 0 1 1 0 0 0 1 0 0 1
 0 1 0 1 1 1 1 1 0 0 1 0 0 0 0 0 1 1 1 1 1 1 1 1 1 1 1 0 1 1 1 1 1 1 0 1 0
 1 1 1 0 1 1 0 1 1 0 1 1 1 1 1 0 1 0 1 1 1 1 1 1 1 1 0 1 0 1 0 1 1 1 1 0 1
 1 0 1 1 1 1 0 0 1 0 1 1 1 1 0 1 1 1 1 1 1 0 1 1 1 0 0 1 0 0 0 0 1 1 1 1 1
 0 1 1 0 1 0 1 0 0 1 1 1 0 0 1 1 1 1 1 1 1 0 1 1 1 1 1 1 1 1 1 0 0 0 0 0 1
 0 1 1 0 0 0 1 1 1 1 0 1 1 1 1 0 1 1 1 1 1 1 1 0 1 1 1 1 1 0 1 0 1 1 0 1 1
 1 1 0 0 1 1 1 1 1 1 0 1 0 0 0 1 1 1 1 1 1 1 0 1 1 1 0 1 0 0 1 0 1 1 1 0 0
 1 1 1 1 0 0 1 1 1 1 1 0 1 1 1 1 1 1 1 1 1 0 1 0 0 1 1 1 1 1 0 1 1 0 1 0 0
 1 1 1 1 0 1 1 0 1 1 1 1 1 1 1 1 1 1 0 0 1 1 1 1 1 0 0 0 0 0 0 0 1 1 0 1 1
 0 1 0 1 1 1 1 1 1 1 1 1 1 0 1 1 1 0 1 1 1 0 1 1 0 1 1 1 1 0 0 1 1 1 1 0 0
 1 1 0 1 0 0 1 0 1 1 0 0 1 0 0 0 1 1 1 0 1 1 0 0 1 1 1 1 1 0 1 1 1 0 1 1 1
 0 1 1 0 0 1 1 1 1 1 1 1 1 1 0 1 1 1 1 1 0 1 1 1 1 1 1 1 1 1 1 0 0 0 1 0 0
 1 0 1 1 1 1 0 1 1 1 0 1 1 1 1 0 1 1 1 0 1 0 0 0 0 1 1 1 1 1 1 1 1 0 1 0 1
 0 1 0 1 1 1 1 1 1 0 1 1 1 1 0 0 1 0 1 1 1 1 0 0 1 1 1 1 0 1 1 0 1 1 1 1 0
 1 0 0 1 1 1 1 1 1 1 1 1 1 0 0 1 1 1 1 1 0 0 0 1 0 1 1 1 1 1 1 1 0 0 1 1 0
 0 1 1 1 1 0 0 1 0 0 1 1 1 1 1 1 0 0 1 1 0 1 1 0 1 1 1 0 1 1 0 1 1 1 1 0 0
 0 1 1 0 0 1 1 1 1 1 0 1 1 1 1 1 1 1 0 1 0 1 1 0 1]"
SVM-Linear,"SVC(C=0.01, kernel='linear', random_state=123)",{'C': 0.01},by counts,9,0.7204667419855953,0.7228708791208791,0.7513736263736264,0.754,0.8666666666666667,0.8064171122994652,0.4725074028137861,"[[170 123]
 [ 58 377]]","[1 0 1 0 1 1 1 0 1 1 1 1 0 1 0 1 1 1 1 0 0 1 1 1 0 1 1 0 1 1 1 1 1 1 1 1 0
 1 1 0 1 1 1 1 1 0 1 1 1 1 0 0 1 1 0 1 1 1 1 1 0 0 0 0 0 1 1 1 1 1 0 1 1 1
 0 0 0 0 1 0 1 1 1 1 1 0 1 1 1 1 1 1 0 1 1 1 0 1 0 0 1 0 1 0 1 0 1 0 1 1 0
 0 1 1 1 0 0 1 1 1 1 1 1 1 1 1 1 0 1 0 1 1 1 1 1 1 0 0 0 1 1 0 0 0 1 1 0 1
 0 1 0 1 1 1 1 1 0 0 1 0 0 0 0 0 1 1 1 1 1 1 1 1 1 1 1 0 1 1 0 1 1 1 0 1 1
 1 1 1 0 1 1 0 1 1 0 1 1 1 1 0 0 1 0 1 1 1 1 1 1 1 1 0 1 0 1 0 1 1 1 1 0 1
 1 0 1 1 1 1 0 0 1 0 1 1 1 1 1 1 1 0 1 1 1 0 1 1 1 0 0 1 0 0 0 0 1 1 1 1 1
 0 1 1 0 1 0 1 0 0 1 1 1 0 0 0 1 1 1 1 1 1 0 1 1 1 0 1 1 1 1 1 0 0 0 0 0 1
 0 1 1 0 0 0 1 1 1 1 0 1 1 1 1 0 1 1 1 1 1 1 0 0 1 1 1 1 1 0 1 0 1 1 0 1 1
 1 1 0 0 1 1 1 1 1 1 0 1 0 0 0 1 1 1 1 1 0 1 1 1 1 1 0 1 0 0 1 0 1 1 1 0 0
 1 0 1 1 0 0 1 1 1 0 1 0 1 1 1 1 1 1 1 1 1 0 1 0 0 1 1 1 1 1 0 1 1 0 1 0 0
 1 1 1 1 0 1 1 0 1 1 1 1 1 1 1 1 1 1 0 1 1 1 1 1 1 0 1 0 0 1 0 0 1 1 0 1 1
 0 1 1 1 1 1 1 1 1 1 1 1 1 0 1 1 1 0 1 1 1 0 1 1 0 1 1 1 1 0 0 1 1 1 1 0 0
 1 1 1 1 0 0 1 0 1 1 0 0 1 0 1 1 1 1 1 0 1 1 0 0 1 1 1 1 1 0 1 1 1 0 1 1 1
 0 1 1 0 0 1 1 1 1 1 1 1 1 1 0 1 1 1 1 1 1 1 1 1 1 1 1 1 1 1 1 0 0 0 1 0 0
 0 0 1 1 1 1 0 1 1 1 0 1 1 1 1 0 1 1 1 0 1 0 0 0 0 1 1 1 1 1 0 1 1 0 1 0 1
 0 1 0 1 1 1 1 1 1 0 1 1 1 1 0 0 1 0 1 1 1 1 0 0 1 1 1 1 0 0 1 0 1 1 1 1 0
 1 0 0 1 1 1 1 1 1 1 1 1 1 0 0 1 1 1 1 1 0 1 0 1 0 1 1 1 1 1 1 1 0 0 1 1 0
 0 1 0 1 1 0 0 0 0 0 1 1 1 1 1 1 0 0 1 1 0 1 1 0 1 1 1 0 1 1 0 1 1 1 1 0 0
 0 1 1 0 0 1 1 1 1 1 0 1 1 1 1 1 1 1 0 1 0 1 1 0 1]"
SVM-Linear,"SVC(C=0.01, kernel='linear', random_state=123)",{'C': 0.01},by counts,15,0.7245798616014687,0.728021978021978,0.7472527472527473,0.7545638945233266,0.8551724137931035,0.8017241379310346,0.4638129397134252,"[[172 121]
 [ 63 372]]","[1 0 1 0 1 1 1 1 1 1 1 1 0 1 0 1 1 1 1 0 0 1 1 1 0 1 1 0 1 1 1 1 1 1 1 1 0
 1 0 0 1 1 0 1 1 0 1 1 1 1 0 0 1 1 0 1 1 1 1 0 0 0 1 0 0 1 1 1 1 1 0 1 1 1
 0 0 0 0 1 0 1 1 1 1 1 0 1 1 1 1 1 1 0 1 1 1 0 1 0 0 1 0 1 0 1 0 1 0 1 1 0
 0 1 1 1 0 0 1 1 1 1 1 1 1 1 1 1 0 1 0 1 1 1 1 1 1 0 0 0 1 1 0 0 0 1 1 0 1
 0 1 0 1 1 1 1 1 0 0 1 0 0 0 0 0 1 1 1 1 1 1 1 1 1 1 1 0 1 1 0 1 1 1 0 1 1
 1 1 1 0 1 1 0 1 1 0 1 1 1 1 0 0 1 0 1 1 1 1 1 1 1 1 0 1 0 1 0 1 1 1 1 0 1
 1 0 1 1 1 1 0 0 1 0 0 1 1 0 1 1 1 0 1 1 1 0 1 1 1 0 0 1 0 0 0 0 1 1 1 1 1
 0 1 1 0 1 0 1 0 0 1 1 1 0 0 0 1 1 1 1 1 1 0 1 1 1 1 1 0 1 1 1 0 0 0 0 0 1
 0 1 1 0 0 0 1 1 1 1 0 1 1 1 1 0 1 1 1 1 1 1 1 0 1 1 1 1 1 0 1 0 1 1 0 1 1
 1 1 0 0 1 1 1 1 1 1 0 1 0 0 0 1 1 1 1 1 1 1 1 1 1 1 0 0 0 0 1 0 1 1 1 0 0
 1 0 1 1 0 0 1 1 1 1 1 0 1 1 1 1 1 1 1 1 1 0 1 0 0 1 1 1 1 1 0 1 1 0 1 0 0
 1 1 1 1 0 1 1 0 1 1 1 1 1 1 1 1 1 1 0 1 1 1 1 1 1 0 1 0 0 1 0 0 1 1 0 1 1
 0 1 1 1 1 1 1 1 1 1 1 1 1 0 1 1 1 0 1 1 1 0 1 1 0 1 1 1 0 0 0 1 1 1 1 0 0
 1 1 1 1 0 0 1 0 1 1 1 0 1 0 1 0 1 1 1 0 1 1 0 0 1 1 1 1 1 0 1 1 1 0 1 1 1
 0 1 1 0 0 1 1 1 1 1 1 1 1 1 0 1 1 1 1 1 0 1 1 1 1 1 1 1 1 1 1 0 0 0 1 0 0
 0 0 1 1 1 1 0 0 1 1 0 1 1 1 1 0 1 1 1 0 1 0 0 0 0 1 1 1 1 1 0 1 1 0 1 0 1
 0 1 0 1 1 1 1 1 1 0 1 1 1 1 0 0 1 0 1 1 1 1 0 0 1 0 1 1 0 0 1 0 1 1 1 1 0
 0 0 0 1 1 1 1 1 1 1 1 1 1 0 0 1 1 1 1 1 0 1 0 1 0 1 1 1 1 1 1 1 0 0 1 1 0
 0 1 0 1 1 0 0 0 0 0 1 1 1 1 1 1 0 0 1 1 0 0 1 0 1 1 1 0 1 1 0 1 1 1 1 0 0
 0 1 1 0 0 1 1 1 1 1 0 1 1 1 1 1 1 1 0 1 0 1 1 0 1]"
SVM-Linear,"SVC(C=5, kernel='linear', random_state=123)",{'C': 5},by counts,22,0.729393211881561,0.7300824175824175,0.7472527472527473,0.7642105263157895,0.8344827586206897,0.7978021978021977,0.4657264820660875,"[[181 112]
 [ 72 363]]","[1 0 1 0 1 1 1 1 1 1 1 1 0 1 0 1 1 1 1 0 0 1 1 1 1 1 1 0 1 1 1 1 1 1 1 0 0
 1 0 0 1 1 1 1 1 0 1 1 1 1 0 0 1 1 0 1 0 1 1 0 0 0 0 0 0 1 1 0 1 1 0 1 1 1
 0 0 0 0 1 0 1 1 1 1 1 0 1 1 1 1 1 1 0 1 1 1 0 1 0 0 1 0 1 0 1 0 1 0 1 1 0
 0 1 1 1 0 0 1 1 1 1 1 1 1 1 1 1 0 1 0 1 1 1 1 1 1 0 0 0 1 1 0 0 0 1 1 0 1
 0 1 0 1 1 1 1 1 0 0 0 0 0 0 0 0 1 1 1 1 1 1 1 1 1 1 1 1 1 1 0 1 1 1 0 1 0
 1 1 1 0 1 1 0 1 1 0 1 1 1 1 0 0 1 0 1 1 1 1 1 1 1 1 0 1 0 1 0 1 1 1 1 0 1
 1 0 1 1 1 1 0 0 1 0 0 1 1 0 1 1 1 1 0 1 1 0 1 1 1 0 0 0 0 0 0 0 1 1 1 1 1
 0 1 1 0 1 0 1 0 0 1 1 1 0 0 0 1 1 1 1 1 1 0 1 1 1 0 1 0 1 1 1 0 0 0 0 0 1
 1 1 1 0 1 0 1 1 1 1 0 1 1 1 1 0 1 1 1 0 1 1 0 0 1 1 1 1 1 0 1 0 1 1 0 1 1
 1 1 0 0 1 1 1 1 1 1 0 1 0 0 0 1 1 1 0 1 1 1 1 1 1 0 0 0 0 0 1 0 0 1 0 0 0
 1 0 0 1 0 0 1 1 1 0 1 0 1 1 1 1 1 1 0 1 1 0 1 0 0 1 1 1 1 1 0 1 1 0 1 0 0
 1 1 1 1 0 1 1 0 1 1 1 1 1 1 1 1 1 1 0 1 1 1 1 1 1 0 1 0 0 0 0 0 1 1 0 1 1
 0 1 1 0 1 1 1 1 1 1 1 1 1 0 1 1 1 0 1 1 1 0 1 1 0 1 1 1 0 0 0 1 1 1 1 0 0
 1 0 1 1 0 0 1 0 0 1 1 0 1 1 1 0 1 1 1 0 1 1 0 0 1 1 1 1 0 0 0 1 1 0 1 1 1
 0 1 1 0 0 1 1 1 1 1 1 1 1 1 0 1 1 1 1 1 0 1 1 1 1 1 1 1 1 1 1 0 0 0 1 0 0
 0 0 1 1 1 1 0 0 1 1 0 1 1 1 1 0 1 1 1 0 1 0 0 0 0 1 1 1 1 1 0 1 1 1 1 0 1
 0 1 0 1 1 1 0 1 1 0 1 1 1 1 0 0 1 0 1 1 1 1 0 0 1 0 1 1 0 0 1 0 1 1 1 1 0
 0 0 1 1 1 1 1 1 1 1 1 1 1 0 0 1 1 1 1 1 0 1 0 1 0 1 1 1 1 1 1 1 0 0 1 1 0
 0 1 0 1 1 0 0 0 0 0 1 1 1 1 1 0 0 0 1 1 0 0 1 0 1 1 1 0 1 1 0 1 1 1 1 0 1
 0 0 1 0 0 1 1 1 1 1 0 1 1 1 0 1 1 1 0 1 0 1 1 0 1]"
SVM-Linear,"SVC(C=0.1, kernel='linear', random_state=123)",{'C': 0.1},by counts,32,0.7283693451960647,0.7348901098901099,0.75,0.7685774946921444,0.832183908045977,0.7991169977924945,0.47219345962985815,"[[184 109]
 [ 73 362]]","[1 0 1 0 1 1 1 1 1 1 1 1 1 1 0 1 1 1 1 0 0 1 1 1 1 1 1 0 1 1 1 1 1 1 1 1 0
 1 1 0 1 1 1 1 1 0 0 1 1 1 0 0 1 1 0 1 0 1 1 0 0 0 0 0 0 1 1 0 0 1 0 0 1 1
 0 0 0 0 1 0 1 1 1 1 1 0 1 1 1 0 1 1 0 1 1 1 0 0 0 0 1 0 1 0 1 0 1 0 1 1 0
 0 1 1 1 0 0 1 1 1 1 1 1 1 0 1 1 0 1 0 1 1 1 1 1 1 0 0 0 1 1 0 0 0 1 1 0 1
 0 1 0 1 1 1 1 1 0 0 0 0 0 0 0 0 1 1 1 1 1 1 1 1 0 1 1 1 1 1 0 1 1 1 0 1 0
 1 1 1 0 1 1 0 1 1 0 1 0 1 1 0 0 1 0 1 1 1 1 1 1 1 1 1 1 0 1 0 1 1 1 1 0 1
 1 0 1 1 1 1 0 0 1 0 1 1 1 0 1 1 1 0 0 1 1 0 1 1 1 0 0 0 0 0 0 0 1 1 1 1 1
 0 1 1 0 1 0 1 0 0 1 1 1 0 0 0 1 1 1 1 1 1 0 1 1 1 0 1 0 1 1 1 0 0 0 0 0 1
 1 1 1 0 1 0 0 1 1 1 0 1 1 1 1 0 1 1 1 1 1 1 1 0 1 1 1 1 1 0 1 0 1 1 0 1 1
 1 1 0 0 1 1 1 1 1 1 0 1 0 0 0 1 1 1 0 1 1 1 1 1 1 0 0 0 0 0 1 0 0 1 0 0 0
 1 0 0 1 0 0 1 1 1 0 1 0 0 1 1 1 1 1 1 1 1 0 1 0 0 1 1 1 1 1 0 1 1 0 1 0 0
 1 1 1 1 0 1 1 0 1 1 1 1 1 1 1 1 1 1 0 1 1 1 1 1 1 0 1 0 0 1 0 0 1 1 0 1 1
 0 1 1 1 1 1 1 1 1 1 1 1 1 0 1 1 1 0 1 1 1 0 1 1 0 1 1 1 0 0 0 1 1 1 1 0 0
 1 0 1 1 0 0 1 0 0 1 1 0 1 1 1 0 1 1 1 0 0 1 0 0 1 1 1 1 0 0 0 1 1 0 1 1 1
 0 1 1 0 0 1 1 1 1 1 1 1 1 1 0 1 1 1 1 1 0 1 1 1 1 0 1 1 1 1 1 0 0 0 1 0 0
 0 0 1 1 1 1 0 0 1 1 0 1 1 1 1 0 1 1 1 0 1 0 0 0 0 1 1 1 1 1 0 1 1 1 1 0 1
 0 1 0 1 1 1 0 1 1 0 1 1 1 1 0 0 1 1 1 1 1 1 0 0 0 0 1 1 0 0 1 0 1 1 1 1 0
 0 0 1 1 1 1 1 1 1 1 1 1 1 0 0 1 1 1 1 1 0 1 0 1 0 1 1 1 1 1 1 1 0 0 1 1 0
 0 1 0 1 1 0 0 0 0 0 1 1 1 1 1 0 0 0 1 1 0 0 1 0 1 1 1 0 1 1 0 1 1 1 1 0 1
 0 0 0 0 0 1 1 1 1 1 0 1 1 1 0 1 1 1 0 1 0 1 1 0 1]"
SVM-Linear,"SVC(C=0.1, kernel='linear', random_state=123)",{'C': 0.1},by counts,43,0.7238972838111378,0.7328296703296703,0.7403846153846154,0.7650862068965517,0.8160919540229885,0.789766407119021,0.452977925825743,"[[184 109]
 [ 80 355]]","[1 0 1 0 1 1 1 1 1 1 1 1 1 1 0 1 1 1 1 0 0 1 1 1 1 1 1 0 1 1 1 1 1 1 1 0 0
 1 1 0 1 1 1 1 1 0 0 1 1 1 0 0 1 1 0 1 0 1 1 0 0 0 0 0 0 1 1 0 1 1 0 0 1 1
 1 0 0 0 1 0 1 1 1 1 1 0 1 1 1 0 1 1 0 1 1 1 0 0 0 0 1 0 1 0 1 0 1 0 1 1 0
 0 1 1 1 0 0 1 1 1 1 1 1 1 1 1 1 0 1 0 1 1 1 1 1 1 0 0 0 1 1 0 0 0 1 1 0 1
 0 1 0 1 1 1 0 1 0 0 0 0 0 0 0 0 1 1 0 1 1 1 0 1 1 1 1 1 1 1 1 1 1 1 0 1 0
 1 1 1 0 1 1 0 1 1 0 1 0 1 1 0 0 1 0 1 1 1 1 1 1 1 1 1 1 0 1 0 1 1 1 1 0 1
 1 0 1 1 1 1 0 0 1 0 1 1 1 0 1 1 1 1 0 1 1 0 1 1 1 0 0 0 0 0 0 0 1 1 1 1 1
 0 1 1 0 1 0 1 0 0 1 1 1 0 0 0 1 1 1 1 1 1 0 1 1 1 0 1 0 1 1 1 0 0 0 0 0 1
 1 1 1 0 1 0 0 1 1 1 0 1 1 1 1 0 1 1 1 1 1 1 1 0 1 1 1 1 1 0 1 0 1 1 0 1 1
 1 1 0 0 1 1 1 1 1 1 0 1 0 0 0 1 1 1 1 1 1 1 1 1 1 0 0 0 0 0 1 0 0 1 0 0 0
 1 0 0 1 0 0 0 1 1 1 1 0 1 1 1 1 1 1 0 1 0 0 1 0 0 1 1 1 1 1 0 0 1 0 1 0 0
 1 1 1 0 0 1 1 0 1 1 1 1 1 1 1 1 1 1 0 1 1 1 1 1 1 0 0 0 0 1 0 0 0 1 0 1 1
 0 1 1 1 1 1 1 1 1 1 1 1 1 0 1 1 1 0 1 1 1 0 1 1 0 1 1 1 0 0 0 1 1 1 1 0 0
 1 0 0 1 0 0 1 0 0 1 0 0 1 1 1 0 1 1 1 0 1 1 0 0 1 1 1 1 0 0 0 1 1 0 0 1 0
 0 1 1 0 0 1 1 1 1 1 1 1 1 1 0 1 1 1 1 1 0 1 1 1 1 0 1 1 1 1 1 0 0 0 1 0 0
 0 0 1 1 1 1 0 0 1 1 0 1 1 1 1 0 1 1 1 0 1 0 0 0 0 1 1 1 1 1 0 1 1 1 1 0 1
 0 1 0 1 1 1 0 1 1 0 1 1 1 1 0 0 1 0 1 1 1 1 0 0 0 0 1 1 0 0 1 0 1 1 1 1 0
 0 0 1 1 1 1 0 1 1 1 1 1 1 0 0 1 1 1 1 1 0 1 0 1 0 1 1 1 1 1 1 1 0 0 1 1 0
 0 1 0 1 1 0 0 0 0 0 1 1 1 1 1 0 0 0 1 1 0 0 1 0 1 1 1 0 1 1 0 1 1 1 1 0 1
 0 0 0 0 0 1 1 1 1 1 0 1 1 1 0 1 1 1 0 1 0 1 1 0 1]"
SVM-Linear,"SVC(C=10, kernel='linear', random_state=123)",{'C': 10},by counts,48,0.7214929623876101,0.7338598901098901,0.7472527472527473,0.7710583153347732,0.8206896551724138,0.7951002227171493,0.4677320990679838,"[[187 106]
 [ 78 357]]","[1 0 1 0 1 1 1 1 1 1 1 1 1 1 0 1 1 1 1 0 0 1 1 1 1 1 1 0 1 1 1 1 1 1 1 0 0
 1 1 0 1 1 1 1 1 0 0 1 1 1 0 0 1 1 0 1 0 1 1 0 0 0 0 0 0 1 1 0 1 1 0 0 1 1
 1 0 0 0 1 0 1 0 1 1 1 0 1 1 1 0 1 1 0 1 1 1 0 0 0 0 1 0 1 0 1 0 1 0 1 1 0
 0 1 1 1 0 0 1 1 1 1 1 1 1 1 1 1 0 1 0 1 1 1 1 1 1 0 0 0 1 1 0 0 0 1 1 0 1
 0 1 0 1 1 1 0 1 0 0 1 0 0 0 0 0 1 1 0 1 1 1 0 1 1 1 1 0 1 1 0 1 1 1 0 1 0
 1 1 1 0 1 1 0 1 1 0 1 0 1 1 0 0 1 0 1 1 1 1 1 1 1 1 0 1 0 1 0 1 1 1 1 0 1
 1 0 1 1 1 1 0 0 1 0 1 1 1 0 1 1 1 1 0 1 1 0 1 1 1 0 0 0 0 0 0 0 1 1 1 1 1
 0 1 1 0 1 0 1 0 0 1 1 1 0 0 0 1 1 1 1 1 1 0 1 1 1 0 1 0 1 1 1 0 0 0 0 0 1
 0 1 1 0 1 0 0 1 1 1 0 1 1 1 1 0 1 1 1 1 1 1 0 0 1 1 1 0 1 0 1 0 1 1 0 1 1
 1 1 0 0 1 1 1 1 1 1 0 1 0 0 0 1 1 1 1 1 1 1 1 1 1 0 0 0 0 0 1 0 0 1 0 0 0
 1 0 0 1 0 0 0 1 1 0 1 0 1 1 1 1 1 1 0 1 1 0 1 0 0 1 1 1 1 1 0 0 1 0 1 0 0
 1 1 1 1 0 1 1 0 1 1 1 1 1 1 1 1 1 1 0 1 1 1 1 1 1 0 1 0 0 0 0 0 0 1 0 1 1
 0 1 1 1 1 1 1 1 1 1 1 1 1 0 1 1 1 0 1 1 1 0 1 0 0 1 1 1 1 0 0 1 1 1 1 0 0
 1 0 0 1 0 0 1 0 0 1 1 0 1 1 1 0 1 1 1 0 1 1 0 0 1 1 1 1 0 0 0 1 1 0 0 1 0
 0 1 1 0 0 1 1 1 1 1 1 1 1 1 0 1 1 1 1 1 0 1 1 1 1 1 1 1 1 1 1 0 0 0 1 0 0
 0 0 1 1 1 1 0 0 1 1 0 1 1 1 1 0 1 1 1 0 1 0 0 0 0 1 1 1 1 1 0 1 1 1 1 0 1
 0 1 0 1 1 1 0 1 1 0 1 1 1 1 0 0 1 0 1 1 1 1 0 0 0 0 1 1 0 0 1 0 1 1 1 1 0
 0 0 1 1 1 1 1 1 1 1 1 1 1 0 0 1 1 1 1 1 0 1 0 1 0 1 1 1 1 1 1 1 0 0 1 1 0
 0 1 0 1 1 0 0 0 0 0 1 1 1 1 1 0 0 0 1 1 0 0 1 0 1 1 1 0 1 1 0 1 1 1 1 0 1
 0 0 1 0 0 1 1 1 1 1 0 1 1 1 0 1 1 1 0 1 0 1 1 0 1]"
SVM-Linear,"SVC(C=0.01, kernel='linear', random_state=123)",{'C': 0.01},No Reduction,51,0.720458503977781,0.7321428571428571,0.75,0.7674418604651163,0.8344827586206897,0.7995594713656388,0.4718930446758325,"[[183 110]
 [ 72 363]]","[1 0 1 0 1 1 1 1 1 1 1 1 1 1 0 1 1 1 1 0 0 1 1 1 1 1 1 0 1 1 1 1 1 1 1 1 0
 1 1 0 1 1 1 1 1 0 0 1 1 1 0 0 1 1 0 1 0 1 1 1 0 0 0 0 0 1 1 0 1 1 0 0 1 1
 1 0 0 0 1 0 1 1 1 1 1 0 1 1 1 0 1 1 0 1 1 1 0 0 0 0 1 0 1 0 1 0 1 0 1 1 0
 0 1 1 1 0 0 1 1 1 1 1 1 1 1 1 1 0 1 0 1 1 1 1 1 1 0 0 0 1 1 0 0 0 1 1 0 1
 0 1 0 1 1 1 1 1 0 0 1 0 0 0 0 1 1 1 0 1 1 1 1 1 0 1 1 0 1 1 0 1 1 1 0 1 0
 1 1 1 0 1 1 0 1 1 0 1 0 1 1 0 0 1 0 1 1 1 1 1 1 1 1 0 1 0 1 0 1 1 1 1 0 1
 1 0 1 1 1 1 0 0 1 0 1 1 1 0 1 1 1 1 0 1 1 0 1 1 1 0 0 0 0 0 0 0 1 1 1 1 1
 0 1 1 0 1 0 1 0 0 1 1 1 0 0 0 1 1 1 1 1 1 0 1 1 1 0 1 1 1 1 1 0 0 0 0 0 1
 1 1 1 0 1 1 0 1 1 1 0 1 1 1 1 0 1 1 1 1 1 1 1 0 1 1 1 0 1 0 1 0 1 1 0 1 1
 1 1 0 0 1 1 1 1 1 1 0 1 0 0 0 1 1 1 0 1 1 1 1 1 1 0 0 0 0 0 1 0 0 1 0 1 0
 1 0 0 1 0 0 0 1 1 0 1 0 1 1 1 1 1 1 1 1 1 0 1 0 0 1 1 1 1 1 0 0 1 0 1 0 0
 1 1 1 1 0 1 1 0 1 1 1 1 1 1 1 1 1 1 0 1 1 1 1 1 1 0 1 0 0 1 0 0 1 1 0 1 1
 0 1 1 1 1 1 1 1 1 1 1 1 1 0 1 1 1 0 1 1 1 0 1 1 0 1 1 1 0 0 0 1 1 1 1 0 0
 1 0 1 1 0 0 1 0 0 1 1 0 1 1 1 0 1 1 1 0 1 1 0 0 1 1 1 1 0 0 0 1 1 0 0 1 0
 0 1 1 0 0 1 1 1 1 1 1 1 1 1 0 1 1 1 1 1 0 1 1 1 1 0 1 1 1 1 1 0 0 0 1 0 0
 0 0 1 1 1 1 0 0 1 1 0 1 1 1 1 0 1 1 1 0 1 0 0 0 0 1 1 1 1 1 0 1 1 1 1 0 1
 0 1 0 1 1 1 0 1 1 0 1 1 1 1 0 0 1 0 1 1 1 1 0 0 0 0 1 1 0 0 1 0 1 1 1 1 0
 0 0 1 1 1 0 1 1 1 1 1 1 1 0 0 1 1 1 1 1 0 1 0 1 0 1 1 1 1 1 1 1 0 0 1 1 0
 0 1 0 1 1 0 0 0 0 0 1 1 1 1 1 0 0 0 1 1 0 0 1 0 1 1 1 0 1 1 0 1 1 1 1 0 1
 0 0 0 0 0 1 1 1 1 1 0 1 1 1 0 1 1 1 0 1 0 1 1 0 1]"
SVM-Kernel,"SVC(C=1, random_state=123)",{'C': 1},by counts,4,0.720120745657393,0.7338598901098901,0.7527472527472527,0.7684210526315789,0.8390804597701149,0.8021978021978021,0.4774910469941436,"[[183 110]
 [ 70 365]]","[1 0 1 0 1 1 1 1 1 1 0 1 0 1 1 1 1 1 0 0 0 1 0 1 0 1 1 0 1 1 1 1 0 1 1 1 0
 1 0 0 1 1 0 1 1 0 1 1 1 1 0 1 1 1 1 1 1 1 1 1 0 0 0 0 0 1 1 1 1 1 0 1 1 1
 0 0 0 0 1 0 0 0 1 1 1 0 1 1 1 0 1 1 1 1 1 1 0 1 0 0 1 0 1 0 1 0 1 0 0 1 0
 0 1 1 1 0 0 1 1 1 1 1 1 1 1 1 1 0 1 0 1 1 1 1 1 1 0 1 0 1 1 0 0 0 1 1 0 1
 0 1 0 1 1 0 0 1 0 0 1 0 0 1 0 0 1 0 1 1 1 1 0 1 1 1 1 1 1 1 1 1 1 1 1 1 0
 1 1 1 0 1 1 0 1 0 0 1 1 1 1 0 0 1 0 1 0 1 1 1 1 1 1 1 1 0 1 1 1 1 1 1 0 1
 1 0 0 1 1 1 0 0 1 0 1 0 1 1 1 1 1 1 0 1 1 0 1 0 1 0 0 1 0 1 1 1 1 1 1 1 1
 0 1 1 0 1 0 1 0 0 1 1 1 0 0 0 1 1 1 1 1 1 0 1 1 1 0 1 1 1 1 1 0 0 0 0 0 1
 0 1 1 0 0 0 0 1 1 1 0 1 1 1 1 0 1 1 1 1 1 1 0 0 1 1 1 1 1 0 1 0 1 1 0 1 1
 1 1 1 0 1 1 1 1 1 1 0 1 0 0 0 0 1 1 1 1 1 1 0 1 1 0 0 1 0 0 1 0 1 1 0 0 1
 1 0 1 1 0 1 1 1 1 0 1 0 1 1 1 1 1 1 1 1 0 0 1 0 0 1 1 1 1 1 0 1 1 0 1 0 0
 1 1 1 1 0 1 1 0 1 1 1 0 1 1 1 1 1 1 0 0 1 1 1 1 1 0 1 0 0 0 0 0 1 1 0 1 1
 0 1 0 1 1 1 1 1 1 0 0 1 1 0 1 1 1 0 1 1 1 0 1 0 0 1 1 1 1 1 0 1 1 1 1 0 0
 1 1 0 1 0 0 1 0 0 1 1 0 1 0 0 0 1 1 1 0 0 1 0 0 1 1 1 1 1 0 1 1 1 0 1 1 1
 0 1 1 0 0 1 1 1 1 1 1 1 1 1 0 0 1 1 1 1 0 1 1 1 1 1 1 0 1 1 1 0 0 1 1 0 0
 0 0 1 1 1 0 0 1 1 1 0 1 1 1 1 0 1 0 1 0 1 0 0 0 0 1 0 0 1 1 0 1 1 0 0 0 1
 0 1 0 1 1 0 1 0 1 0 0 1 1 1 0 0 1 1 1 1 1 1 0 0 0 0 1 1 0 1 1 0 1 1 1 1 0
 1 0 0 1 1 1 1 1 1 1 1 1 1 0 0 1 1 1 1 1 0 0 0 1 0 1 1 1 1 1 1 1 0 0 1 1 0
 0 1 0 1 1 0 0 1 1 0 1 1 1 1 0 1 0 0 1 1 0 0 1 1 1 1 1 0 1 1 0 1 1 1 1 0 0
 0 1 1 0 0 1 0 1 1 1 1 1 1 1 1 1 1 1 1 1 0 1 1 1 1]"
SVM-Kernel,"SVC(C=5, random_state=123)",{'C': 5},by counts,9,0.7194240455679518,0.7651098901098901,0.7293956043956044,0.7438524590163934,0.8344827586206897,0.7865655471289275,0.4254766424897703,"[[168 125]
 [ 72 363]]","[1 0 1 0 1 1 1 1 1 1 1 1 0 1 0 1 1 1 1 0 0 1 1 1 0 1 1 0 1 1 1 1 1 1 1 1 0
 0 0 0 1 1 0 1 1 0 0 1 1 1 0 0 1 1 0 1 0 1 1 1 0 0 0 0 0 1 1 1 1 1 0 0 1 1
 0 0 0 1 1 0 0 0 1 1 1 1 1 1 1 0 1 1 1 1 1 1 0 1 0 0 1 0 1 1 1 0 1 0 1 1 0
 0 1 1 1 0 0 1 1 1 1 1 1 1 0 1 1 0 1 0 1 1 1 1 1 1 0 1 0 1 1 0 0 1 1 1 0 1
 1 1 0 1 0 1 1 1 0 0 1 0 0 0 0 0 1 1 0 1 1 0 0 1 0 1 1 1 1 1 0 1 1 1 1 1 0
 1 1 1 0 1 1 0 1 1 0 1 1 1 1 0 0 1 0 1 1 1 1 1 1 1 1 0 1 0 1 1 1 1 1 0 0 1
 1 0 1 1 1 1 0 0 1 0 1 0 1 1 1 1 1 0 1 1 1 0 1 1 1 1 1 1 0 1 1 1 1 1 1 1 1
 0 1 1 0 0 0 1 0 0 1 1 1 0 0 0 1 1 1 1 1 1 0 1 1 1 1 1 0 1 1 1 0 0 0 0 0 1
 1 1 1 0 1 0 1 1 1 1 0 1 1 1 1 0 1 1 1 1 1 1 1 0 1 1 1 1 1 0 1 0 1 1 0 1 1
 1 1 0 0 1 1 1 1 1 1 0 1 0 0 0 0 1 1 0 1 0 1 0 1 1 1 0 1 0 0 1 0 1 1 0 0 1
 1 0 1 0 1 0 1 1 1 1 1 1 1 1 1 1 1 1 0 1 0 0 1 1 0 1 1 1 1 1 0 1 1 0 1 0 0
 1 1 1 1 0 1 1 0 1 1 1 1 1 1 1 1 1 1 0 0 1 1 1 1 1 0 1 0 0 0 0 0 1 1 0 1 1
 1 1 0 1 1 1 1 1 1 1 0 1 1 0 1 1 1 1 1 1 0 0 1 0 0 1 1 0 1 0 0 1 1 1 1 0 0
 1 0 1 1 0 0 1 0 1 1 0 0 1 0 0 1 1 1 1 0 1 1 0 0 1 1 1 1 1 0 1 1 1 0 0 1 1
 0 1 1 0 0 1 1 1 1 1 1 1 1 1 0 1 1 1 1 1 0 1 1 0 1 0 1 1 1 1 1 0 0 1 1 0 0
 0 0 1 1 1 1 0 1 1 1 0 1 1 1 1 0 1 1 1 0 1 0 0 0 0 1 1 1 1 0 0 1 1 0 0 0 1
 1 1 0 1 1 0 1 0 1 0 1 1 1 1 0 0 1 0 1 1 1 1 0 0 0 1 1 1 0 0 1 1 1 1 1 1 0
 1 0 1 1 1 1 1 0 1 1 1 1 1 0 0 0 1 1 1 1 0 1 0 1 0 1 1 1 1 1 1 1 0 0 1 1 0
 0 1 1 1 1 0 0 0 1 0 1 1 1 1 1 1 0 0 1 0 0 0 1 1 1 1 1 0 1 1 0 1 1 1 1 0 0
 0 1 1 0 1 1 0 1 1 1 1 1 1 1 1 1 1 1 1 1 0 1 1 1 1]"
SVM-Kernel,"SVC(C=1, random_state=123)",{'C': 1},by counts,15,0.719431106717507,0.7747252747252747,0.739010989010989,0.7505112474437627,0.8436781609195402,0.7943722943722944,0.44622489168794927,"[[171 122]
 [ 68 367]]","[1 0 1 0 1 1 1 1 1 1 1 1 0 1 0 1 1 1 1 0 0 1 1 1 0 1 1 0 1 1 1 1 1 1 1 1 0
 1 0 0 1 1 0 1 1 0 1 1 1 1 0 1 1 1 0 1 0 1 1 1 0 0 0 0 0 1 1 1 1 1 0 1 1 1
 0 0 0 0 1 0 0 1 1 1 1 0 1 1 1 0 1 1 1 1 1 1 0 0 0 0 1 0 1 1 1 0 1 0 1 1 0
 0 1 1 1 0 0 1 1 1 1 1 1 1 0 1 1 0 1 0 1 1 1 1 1 1 0 0 0 1 1 0 0 0 1 1 0 1
 0 1 0 1 1 1 1 1 0 0 1 0 0 0 0 0 1 1 1 1 1 0 1 1 1 1 1 0 1 1 0 1 1 1 0 1 1
 1 1 1 0 1 1 0 1 1 0 1 1 1 1 0 0 1 0 1 1 1 1 1 1 1 1 1 1 0 1 0 1 1 1 1 0 1
 1 0 1 1 1 1 0 0 1 0 0 1 1 1 1 1 1 0 1 1 1 0 1 1 1 1 1 0 0 0 0 1 1 1 1 1 1
 0 1 1 0 1 0 1 0 0 1 1 1 0 0 0 1 1 1 1 1 1 0 1 1 1 0 1 0 1 1 1 0 0 0 0 0 1
 1 1 1 0 0 0 1 1 1 1 0 1 1 1 1 0 1 1 1 1 1 1 1 0 1 1 1 1 1 0 1 0 1 1 0 1 1
 1 1 0 0 1 1 1 1 1 1 0 1 1 0 0 1 1 1 1 1 1 1 0 1 1 1 0 0 0 0 1 0 1 1 1 0 0
 1 0 0 1 1 0 1 1 1 1 1 1 1 1 1 1 1 1 0 1 0 0 1 0 0 1 1 1 1 1 0 1 1 0 1 0 0
 1 1 1 0 0 1 1 0 1 1 1 1 1 1 1 0 1 1 1 1 1 1 1 0 1 0 1 0 1 0 0 0 0 1 0 0 1
 0 1 0 1 1 1 1 1 1 1 0 1 1 0 1 1 1 1 1 1 1 0 1 1 0 1 1 0 0 0 0 1 1 1 1 0 0
 1 1 1 1 0 0 1 0 0 1 0 0 1 0 1 0 1 1 1 0 1 1 0 0 1 1 1 1 1 0 1 1 1 0 1 1 1
 0 1 1 0 0 1 1 1 1 1 1 1 1 1 1 1 1 1 1 1 1 1 1 1 1 0 1 1 1 1 1 0 0 1 1 0 0
 0 0 1 1 1 0 0 1 1 1 0 1 1 1 1 0 1 1 1 0 1 0 0 0 0 1 1 1 1 1 0 1 1 1 0 0 1
 0 1 0 1 1 1 1 1 1 0 0 1 1 1 0 0 1 0 1 1 1 1 0 0 1 0 1 1 0 1 1 1 1 1 1 1 0
 0 0 1 1 1 1 1 1 1 1 1 1 1 0 0 0 0 1 1 1 0 1 0 1 0 1 1 1 1 1 1 1 0 0 1 1 0
 0 1 1 1 1 0 0 0 0 0 1 1 1 1 1 1 0 0 1 1 0 0 1 0 1 1 1 0 1 1 0 1 1 1 1 0 0
 0 0 1 0 1 1 0 1 1 1 0 1 1 1 1 1 1 1 1 1 0 1 1 1 1]"
SVM-Kernel,"SVC(C=1, random_state=123)",{'C': 1},by counts,22,0.7218283669914796,0.7984203296703297,0.7417582417582418,0.7535934291581109,0.8436781609195402,0.7960954446854663,0.45239425252406706,"[[173 120]
 [ 68 367]]","[1 0 1 0 1 1 1 1 1 1 1 1 0 1 1 1 1 1 1 0 0 1 1 1 0 1 1 0 1 1 1 1 1 1 1 1 0
 1 0 0 1 1 1 1 1 0 1 1 1 1 0 0 1 1 0 1 0 1 1 1 0 0 0 0 0 1 1 1 1 1 0 1 1 1
 0 0 0 0 1 0 1 0 1 1 1 0 1 1 1 0 1 1 0 1 1 1 0 1 0 0 1 0 1 1 1 0 1 0 1 1 0
 0 1 1 1 0 0 1 1 1 1 1 1 1 1 1 1 0 1 0 1 1 1 1 1 1 0 0 0 1 1 0 0 0 1 1 0 1
 0 1 0 1 1 1 1 1 0 0 1 0 0 0 0 0 1 1 1 1 1 0 1 1 1 1 1 1 1 1 0 1 1 1 0 1 1
 1 1 0 0 1 1 0 1 1 0 1 0 1 1 0 0 1 0 1 1 1 1 1 1 1 1 0 1 0 1 0 1 1 1 1 0 1
 1 0 1 1 1 1 0 0 1 0 1 1 1 1 1 1 1 0 1 1 1 0 1 0 1 0 1 0 0 1 0 1 1 1 1 1 1
 0 1 1 0 1 0 1 0 0 1 1 1 0 0 0 1 1 1 1 0 1 0 1 1 1 0 1 1 1 1 1 0 0 0 0 0 1
 1 1 1 0 1 0 1 1 1 1 0 1 1 1 1 0 1 1 1 0 1 1 1 0 1 1 1 1 1 0 1 0 1 1 0 1 1
 1 1 0 0 1 1 1 1 1 1 0 1 1 0 0 1 1 1 0 1 1 1 1 1 1 1 0 0 0 0 1 0 0 1 1 0 0
 1 1 1 1 1 0 0 1 1 1 1 0 1 1 1 1 1 1 0 1 1 0 1 0 0 1 1 1 1 1 0 1 1 0 1 0 0
 1 1 1 0 0 1 1 0 1 1 1 1 1 1 1 0 1 1 0 0 1 1 1 0 1 0 1 0 0 0 0 0 1 1 0 1 1
 0 1 0 0 1 1 1 1 1 1 1 1 1 0 1 1 1 0 1 1 1 0 1 1 0 1 1 0 1 0 0 1 1 1 1 0 0
 1 1 1 1 0 0 1 0 0 1 0 0 1 1 1 0 1 1 1 0 1 1 0 0 1 1 1 1 1 0 0 1 1 0 1 1 1
 0 1 1 0 0 1 1 1 1 1 0 1 1 1 0 1 1 1 1 1 1 1 1 1 1 0 1 1 1 1 1 0 0 0 1 0 0
 0 0 1 1 1 1 0 0 1 1 0 1 1 1 1 0 1 1 1 0 0 0 0 0 0 1 1 1 1 1 0 1 1 1 0 0 1
 0 1 0 1 1 1 1 1 1 0 1 1 1 1 0 0 1 0 1 1 1 1 0 0 1 0 1 1 0 0 1 0 1 1 1 1 0
 0 0 1 1 1 1 1 1 1 1 1 1 1 0 0 1 0 1 1 1 0 1 0 1 0 1 1 1 1 1 1 1 0 0 1 1 0
 0 1 0 1 1 0 0 0 0 0 1 1 1 1 1 0 0 0 1 1 0 1 1 1 1 1 1 0 1 1 1 1 1 1 1 0 1
 0 1 1 0 1 1 1 0 1 1 0 1 1 1 1 1 1 1 1 1 0 1 1 1 1]"
SVM-Kernel,"SVC(C=1, random_state=123)",{'C': 1},by counts,32,0.7149719907734313,0.8245192307692307,0.7417582417582418,0.7610993657505285,0.8275862068965517,0.7929515418502202,0.45427841428440524,"[[180 113]
 [ 75 360]]","[1 0 1 1 1 1 1 1 1 1 1 1 0 1 1 1 1 1 0 0 0 1 1 1 1 1 1 0 1 1 1 1 1 1 1 1 0
 1 1 0 1 1 1 1 1 0 1 1 1 1 0 0 1 1 0 1 0 1 1 1 0 0 0 0 0 1 1 0 1 1 0 0 1 1
 0 0 0 0 1 0 0 0 1 1 1 0 1 1 1 0 1 1 0 1 1 1 0 1 0 0 1 0 1 1 1 0 1 0 1 1 0
 0 1 1 1 0 0 1 1 1 1 1 1 1 0 1 1 0 1 0 1 1 1 1 1 0 0 0 0 1 1 1 0 0 1 1 0 1
 1 1 0 1 1 1 1 1 0 0 0 0 0 0 0 0 1 0 1 1 1 1 1 1 1 1 1 1 1 1 0 1 1 1 0 1 0
 1 1 0 0 1 1 0 1 1 0 1 0 1 1 1 0 1 0 1 1 1 1 1 1 1 1 0 1 0 1 0 1 1 1 0 0 1
 1 0 1 1 1 1 0 0 1 0 1 1 1 1 1 1 1 0 0 1 1 0 1 0 1 0 1 0 0 1 0 0 1 1 1 1 1
 0 1 1 0 1 0 1 0 0 1 1 1 0 0 0 1 1 1 1 0 1 0 1 1 1 0 1 1 1 0 1 0 0 0 0 0 1
 1 1 1 0 1 0 1 1 1 1 0 1 1 1 1 0 1 1 1 1 1 1 1 0 1 1 1 1 1 0 1 0 1 1 0 1 1
 1 1 1 0 1 1 1 1 1 1 0 1 1 0 0 0 1 1 1 1 1 1 1 1 0 1 0 0 0 0 1 0 0 1 0 0 0
 1 1 0 1 1 1 0 1 1 0 1 0 1 1 1 1 1 1 0 1 1 0 1 0 0 1 1 1 1 1 0 0 1 0 1 0 0
 1 1 1 0 0 1 1 0 1 1 1 1 1 1 1 0 1 1 0 0 1 1 1 1 1 0 1 0 0 1 0 0 0 1 0 1 1
 0 1 1 1 1 1 1 1 1 1 0 1 1 0 1 1 1 0 1 1 1 0 1 1 0 1 1 1 0 0 0 1 1 1 1 0 1
 1 0 1 1 0 0 0 0 0 1 1 0 1 0 0 0 1 1 1 0 0 1 0 0 1 1 1 1 1 0 0 1 1 0 1 1 1
 0 1 1 0 0 1 1 1 1 1 0 1 1 1 0 1 1 1 1 1 0 1 1 1 1 0 1 1 1 1 1 0 0 0 1 0 0
 0 0 1 1 1 1 0 0 1 1 0 1 1 1 1 0 1 0 1 0 1 0 0 0 0 1 1 0 1 1 0 1 1 1 0 0 1
 0 1 0 1 1 1 1 1 1 0 1 1 1 1 0 0 1 0 1 1 1 1 0 0 1 0 1 1 0 0 1 0 1 1 1 1 0
 0 0 1 1 1 1 1 1 1 1 1 1 1 0 0 1 1 1 1 1 0 1 0 1 0 1 1 1 1 1 1 1 0 0 1 1 0
 0 1 0 1 1 0 0 0 0 0 1 1 1 1 1 1 0 0 1 0 0 1 1 1 1 1 1 0 1 1 1 1 1 1 1 0 1
 0 0 1 0 0 1 0 0 1 1 0 1 1 1 0 1 1 1 1 1 0 1 1 1 1]"
SVM-Kernel,"SVC(C=1, random_state=123)",{'C': 1},by counts,43,0.715659275996799,0.8403159340659341,0.75,0.7697228144989339,0.8298850574712644,0.7986725663716814,0.472509864061863,"[[185 108]
 [ 74 361]]","[1 0 1 1 1 1 1 1 1 1 1 1 0 1 1 1 1 1 0 1 0 1 1 1 1 1 1 0 1 1 1 1 0 1 1 0 0
 1 1 0 1 1 1 1 1 0 1 1 1 1 0 0 1 1 0 1 0 1 1 1 0 0 0 0 0 1 1 1 1 1 0 0 1 1
 0 0 0 0 1 0 1 0 1 1 1 0 1 1 0 0 1 1 0 1 1 1 0 1 0 0 1 0 1 0 1 0 1 0 1 1 0
 0 1 1 1 0 0 1 1 1 1 1 1 1 0 1 1 0 1 0 1 1 1 1 1 0 0 0 0 1 1 1 0 0 1 1 0 1
 0 1 0 1 1 1 1 1 0 0 0 0 0 0 0 0 1 1 0 1 1 1 0 1 1 1 0 1 1 1 0 1 1 1 0 1 0
 1 1 0 0 1 1 0 1 1 0 1 0 1 1 0 1 1 0 1 1 1 1 0 1 1 1 0 1 0 1 0 1 1 1 1 0 1
 1 0 1 1 1 1 0 0 1 0 1 1 1 0 1 1 1 1 0 1 1 0 1 1 1 0 0 0 0 0 0 0 1 1 1 1 1
 0 1 1 0 1 0 1 0 0 1 1 1 0 0 1 1 1 1 1 1 1 0 1 1 1 0 1 1 1 1 1 0 0 0 0 0 1
 1 1 1 0 1 1 1 1 1 1 0 1 1 1 1 0 1 1 1 1 1 1 1 0 1 1 1 1 1 0 1 0 1 1 0 1 1
 1 1 0 0 1 1 1 1 1 1 0 1 1 0 0 1 1 1 1 1 1 1 1 1 0 1 0 0 0 0 1 0 0 1 0 0 0
 1 0 1 0 1 0 1 1 1 0 1 0 1 1 1 1 1 1 0 1 0 0 1 0 0 1 1 1 1 1 0 0 1 0 1 0 0
 1 1 1 0 0 1 1 1 1 1 1 1 1 1 1 0 1 1 0 1 1 1 1 1 1 0 1 0 0 1 0 0 0 1 0 1 1
 0 1 1 1 1 1 1 1 1 1 1 1 1 0 1 1 1 0 1 1 1 0 1 1 0 1 1 0 0 0 0 1 1 1 1 1 0
 1 0 0 1 0 0 0 0 0 1 1 0 1 0 0 0 1 1 1 0 0 1 0 0 1 1 1 1 1 0 0 1 1 0 0 1 0
 0 1 1 0 0 1 1 1 1 1 1 1 1 1 0 1 1 1 1 1 0 1 1 1 1 0 1 1 1 1 1 0 0 0 1 0 0
 0 0 1 1 1 0 0 0 1 1 0 1 1 1 1 0 1 1 1 0 1 0 0 0 0 1 1 1 1 1 0 1 1 1 0 0 1
 0 0 0 1 1 1 1 0 1 0 1 1 1 1 0 0 1 1 1 1 1 1 0 0 1 0 0 1 0 0 1 0 1 1 1 1 0
 0 0 1 1 1 1 1 1 1 0 1 1 1 0 0 1 1 1 1 1 0 1 0 1 0 1 1 1 1 1 1 1 0 0 1 1 0
 0 1 0 1 1 0 0 1 0 0 1 1 1 1 1 0 0 0 1 0 0 1 1 1 1 1 1 0 1 1 0 1 1 1 1 0 1
 0 0 1 0 0 1 0 1 1 1 0 1 1 1 1 1 1 1 1 1 0 1 1 1 1]"
SVM-Kernel,"SVC(C=1, random_state=123)",{'C': 1},by counts,48,0.7177187779503837,0.8461538461538461,0.7527472527472527,0.7741935483870968,0.8275862068965517,0.7999999999999999,0.47902116801388467,"[[188 105]
 [ 75 360]]","[1 0 1 0 1 1 1 1 1 1 1 1 0 1 1 1 1 1 0 1 0 1 1 1 1 1 1 0 1 1 1 1 0 1 1 0 0
 1 1 0 0 1 1 1 1 0 1 1 1 1 0 0 1 1 0 1 0 1 1 1 0 0 0 0 0 1 1 1 1 1 0 0 1 1
 0 0 0 0 1 0 1 0 1 1 1 0 1 1 1 0 1 1 0 1 1 1 0 1 0 0 1 0 1 0 1 0 1 0 1 1 0
 0 1 1 1 0 0 1 1 1 1 1 1 1 0 1 1 0 1 0 1 1 1 1 1 0 0 0 0 1 1 1 0 0 1 0 0 1
 0 1 0 1 1 1 1 1 0 0 1 0 0 0 0 0 1 1 0 1 1 1 0 1 1 1 0 1 1 1 1 1 1 1 0 1 0
 1 1 0 0 0 1 0 1 1 0 1 0 1 1 0 1 1 0 1 1 1 1 1 1 1 1 0 1 0 1 0 1 1 1 1 0 1
 1 0 1 1 1 1 0 0 1 0 1 1 1 0 1 1 1 1 0 1 1 0 1 1 1 0 1 0 0 0 0 0 1 1 1 1 0
 0 1 1 0 1 0 1 0 0 1 1 1 0 0 1 1 1 1 1 1 1 0 1 1 1 0 1 1 1 1 1 0 0 0 0 0 1
 1 1 1 0 1 1 0 1 1 1 0 1 1 1 1 0 1 1 1 1 1 1 1 0 1 1 1 1 1 0 1 0 1 1 0 1 1
 1 1 0 0 1 0 1 1 1 1 0 1 1 0 0 1 1 1 1 1 1 1 0 1 0 1 0 0 0 0 1 0 0 1 0 0 0
 1 1 0 0 1 1 1 1 1 0 1 0 1 1 1 1 1 1 0 1 0 0 1 0 0 1 1 1 1 1 0 0 1 0 0 0 0
 1 1 1 0 0 1 1 1 1 1 1 1 1 1 1 1 1 1 0 0 1 0 1 1 1 0 1 0 0 1 0 1 0 1 0 1 1
 0 1 1 1 1 1 1 1 1 1 1 1 1 0 1 1 1 0 1 1 1 0 1 1 0 1 1 0 0 0 0 1 1 1 1 1 0
 1 0 0 1 0 0 0 0 0 1 0 0 1 0 1 0 1 1 1 0 0 1 0 0 1 1 1 1 1 0 0 1 1 0 0 1 0
 0 1 1 0 0 1 1 1 1 1 1 1 1 1 0 1 1 1 1 1 0 1 1 1 1 0 1 1 1 1 1 0 0 0 1 0 0
 0 0 1 1 1 1 0 0 1 1 0 1 1 1 1 0 1 1 1 0 0 0 0 0 0 1 1 1 1 1 0 1 1 1 0 0 1
 0 1 0 1 1 1 0 0 1 0 1 1 1 1 0 0 1 1 1 1 1 0 0 0 0 0 1 1 0 0 1 0 1 1 1 1 0
 0 0 1 1 1 1 1 1 1 0 1 1 1 0 0 1 1 1 1 1 0 0 0 1 0 1 1 1 1 1 1 1 0 0 1 1 0
 0 1 0 1 1 0 0 1 0 0 1 1 1 1 1 0 0 0 1 0 0 1 1 1 1 1 1 0 1 1 1 1 1 1 1 0 1
 0 0 1 0 0 1 0 1 1 1 0 1 1 1 1 1 1 1 1 1 0 1 1 1 1]"
SVM-Kernel,"SVC(C=1, random_state=123)",{'C': 1},No Reduction,51,0.7153191639598927,0.845467032967033,0.7486263736263736,0.7727272727272727,0.8206896551724138,0.7959866220735786,0.4708328074273355,"[[188 105]
 [ 78 357]]","[1 0 1 0 1 1 1 1 1 1 1 1 0 1 1 1 1 1 0 0 0 1 1 1 1 1 1 0 1 1 1 1 0 1 1 0 0
 1 1 0 0 1 1 1 1 0 1 1 1 1 0 0 1 1 0 1 0 1 1 1 0 0 0 0 0 1 1 1 1 1 0 0 1 1
 0 0 0 0 1 0 1 0 1 1 1 0 1 1 1 0 1 1 0 1 1 1 0 1 0 0 1 0 1 0 1 0 1 0 1 1 0
 0 1 1 1 0 0 1 1 1 1 1 1 1 0 1 1 0 1 0 1 1 1 1 1 0 0 0 0 1 1 1 0 0 1 1 0 1
 1 1 0 1 1 1 1 1 0 0 1 0 0 0 0 0 1 1 0 1 1 1 0 1 0 1 0 0 1 1 1 1 1 1 0 1 0
 1 1 0 0 0 1 0 1 1 0 1 0 1 1 0 0 1 0 1 1 1 1 0 1 1 1 0 1 0 1 0 1 1 1 1 0 1
 1 0 1 1 1 1 0 0 1 0 1 1 1 0 1 1 1 1 0 1 1 0 1 1 1 0 1 0 0 0 0 0 1 1 1 1 0
 0 1 1 0 1 0 1 0 0 1 1 1 0 0 1 1 1 1 1 1 1 0 1 1 1 0 1 1 1 1 1 0 0 0 0 0 1
 1 1 1 0 1 1 1 1 1 1 0 1 1 1 1 0 1 1 1 1 1 1 1 0 1 1 1 1 1 0 1 0 1 1 0 1 1
 1 1 0 0 1 0 1 1 1 1 0 1 1 0 0 1 1 1 1 1 1 1 0 1 0 1 0 0 0 0 1 0 0 1 0 0 0
 1 0 0 0 1 1 0 1 1 0 1 0 1 1 1 1 1 1 0 1 0 0 1 0 0 1 1 1 1 1 0 0 1 0 0 0 0
 1 1 1 0 0 1 1 1 1 1 1 1 1 1 1 0 1 1 0 1 1 1 1 1 1 0 1 0 0 1 0 1 0 1 0 1 1
 0 1 1 1 1 1 1 1 1 1 1 1 1 0 1 1 1 0 1 1 1 0 1 1 0 1 1 0 0 0 0 1 1 1 1 1 0
 1 0 0 1 0 0 1 0 1 1 1 0 1 0 1 0 1 1 1 0 0 1 0 0 1 1 1 1 1 0 0 1 1 0 0 1 0
 0 1 1 0 0 1 1 1 1 1 0 1 1 1 0 1 1 1 1 1 0 1 1 1 1 0 1 1 1 1 1 0 0 0 1 0 0
 0 0 1 1 1 0 0 0 1 1 0 1 1 1 1 0 1 1 1 0 0 0 0 0 0 1 1 1 1 1 0 1 1 1 0 0 1
 0 1 0 1 1 1 0 0 1 0 1 1 1 1 0 0 1 1 1 1 0 0 0 0 0 0 1 1 0 0 1 0 1 1 1 1 0
 0 0 1 1 1 1 1 1 1 0 1 1 1 0 0 1 1 1 1 1 0 0 0 1 0 1 1 1 1 1 1 1 0 0 1 1 0
 0 1 0 1 1 0 0 1 0 0 1 1 1 1 1 0 0 0 1 0 0 1 1 1 1 1 1 0 1 1 0 1 1 1 1 0 1
 0 1 1 0 0 1 0 1 1 1 0 1 1 1 1 1 1 1 1 1 0 1 1 1 1]"
SGD,"SGDClassifier(alpha=0.01, random_state=123)",{'alpha': 0.01},by counts,4,0.7129113119615873,0.717032967032967,0.7307692307692307,0.7357001972386588,0.8574712643678161,0.7919320594479831,0.4267594092461951,"[[159 134]
 [ 62 373]]","[1 0 1 0 1 1 1 0 1 1 1 1 0 1 0 1 1 1 1 0 0 1 1 1 0 1 1 0 1 1 1 1 1 1 1 1 0
 1 1 0 1 1 0 1 1 0 1 1 1 1 0 0 1 1 0 1 1 1 1 1 0 0 0 0 0 1 1 1 1 1 0 1 1 1
 0 0 0 0 1 0 1 0 1 1 1 0 1 1 1 0 1 1 0 1 1 1 0 1 0 0 1 0 1 0 1 0 1 0 0 1 0
 0 1 1 1 0 0 1 1 1 1 1 1 1 1 1 1 0 1 0 1 1 1 1 1 1 0 1 0 1 1 0 0 0 1 0 0 1
 0 1 0 1 1 1 1 1 0 0 1 0 0 0 0 0 1 1 1 1 1 1 1 1 1 1 1 0 1 1 1 1 1 1 0 1 1
 1 1 1 0 1 1 0 1 1 0 1 1 1 1 1 0 1 0 1 1 1 1 1 1 1 1 0 1 0 1 0 1 1 1 1 0 1
 1 0 1 1 1 1 0 0 1 0 1 1 1 1 0 1 1 1 1 1 1 0 1 1 1 0 0 1 0 0 0 0 1 1 1 1 1
 0 1 1 0 1 0 1 0 0 1 1 1 0 0 1 1 1 1 1 1 1 0 1 1 1 1 1 1 1 1 1 0 0 0 0 0 1
 0 1 1 0 0 0 1 1 1 1 0 1 1 1 1 1 1 1 1 1 1 1 1 0 1 1 1 1 1 0 1 0 1 1 0 1 1
 1 1 0 0 1 1 1 1 1 1 0 1 0 0 0 1 1 1 1 1 1 1 0 1 1 1 0 1 0 0 1 0 1 1 1 0 0
 1 1 1 1 0 0 1 1 1 1 1 0 1 1 1 1 1 1 1 1 1 0 1 0 0 1 1 1 1 1 0 1 1 0 1 0 0
 1 1 1 1 0 1 1 1 1 1 1 1 1 1 1 1 1 1 0 0 1 1 1 1 1 0 0 0 0 1 0 0 1 1 0 1 1
 0 1 0 1 1 1 1 1 1 1 1 1 1 0 1 1 1 0 1 1 1 0 1 1 0 1 1 1 1 0 0 1 1 1 1 1 0
 1 1 0 1 0 0 1 0 1 1 0 0 1 1 0 0 1 1 1 0 1 1 0 0 1 1 1 1 1 0 1 1 1 0 1 1 1
 0 1 1 0 0 1 1 1 1 1 1 1 1 1 0 1 1 1 1 1 0 1 1 1 1 1 1 1 1 1 1 0 0 0 1 0 0
 1 0 1 1 1 1 0 1 1 1 0 1 1 1 1 0 1 1 1 0 1 0 0 0 0 1 1 1 1 1 1 1 1 1 1 0 1
 0 1 0 1 1 1 1 1 1 0 1 1 1 1 0 0 1 0 1 1 1 1 0 0 1 1 1 1 0 1 1 0 1 1 1 1 0
 1 0 0 1 1 1 1 1 1 1 1 1 1 0 0 1 1 1 1 1 0 0 0 1 0 1 1 1 1 1 1 1 0 0 1 1 0
 1 1 1 1 1 0 0 1 0 0 1 1 1 1 1 1 0 0 1 1 0 1 1 0 1 1 1 0 1 1 0 1 1 1 1 0 0
 0 1 1 0 0 1 1 1 1 1 0 1 1 1 1 1 1 1 0 1 1 1 1 0 1]"
SGD,"SGDClassifier(alpha=0.01, random_state=123)",{'alpha': 0.01},by counts,9,0.7208150920303159,0.7225274725274725,0.75,0.7535070140280561,0.864367816091954,0.8051391862955032,0.46951893532456807,"[[170 123]
 [ 59 376]]","[1 0 1 0 1 1 1 1 1 1 1 1 0 1 0 1 1 1 1 0 0 1 1 1 0 1 1 0 1 1 1 1 1 1 1 1 0
 1 1 0 1 1 1 1 1 0 1 1 1 1 0 0 1 1 0 1 1 1 1 1 0 0 0 0 0 1 1 1 1 1 0 1 1 1
 0 0 0 0 1 0 0 1 1 1 1 0 1 1 1 1 1 1 0 1 1 1 0 1 0 0 1 0 1 0 1 0 1 0 1 1 0
 0 1 1 1 0 0 1 1 1 1 1 1 1 1 1 1 0 1 0 1 1 1 1 1 1 0 0 0 1 1 0 0 0 1 1 0 1
 0 1 0 1 1 1 1 1 0 0 1 0 0 0 0 0 1 1 1 1 1 1 1 1 1 1 1 0 1 1 0 1 1 1 0 1 1
 1 1 1 0 1 1 0 1 1 0 1 1 1 1 0 0 1 0 1 1 1 1 1 1 1 1 0 1 0 1 0 1 1 1 1 0 1
 1 0 1 1 1 1 0 0 1 0 1 1 1 1 1 1 1 0 1 1 1 0 1 1 1 0 0 1 0 0 0 0 1 1 1 1 1
 0 1 1 0 1 0 1 0 0 1 1 1 0 0 0 1 1 1 1 1 1 0 1 1 1 0 1 1 1 1 1 0 0 0 0 0 1
 0 1 1 0 0 0 1 1 1 1 0 1 1 1 1 0 1 1 1 1 1 1 0 0 1 1 1 1 1 0 1 0 1 1 0 1 1
 1 1 0 0 1 1 1 1 1 1 0 1 0 0 0 1 1 1 1 1 0 1 1 1 1 1 0 1 0 0 1 0 1 1 1 0 0
 1 0 1 1 0 0 1 1 1 0 1 0 1 1 1 1 1 1 1 1 1 0 1 0 0 1 1 1 1 1 0 1 1 0 1 0 0
 1 1 1 1 0 1 1 0 1 1 1 1 1 1 1 1 1 1 0 1 1 1 1 1 1 0 1 0 0 1 0 0 1 1 0 1 1
 0 1 1 1 1 1 1 1 1 1 1 1 1 0 1 1 1 0 1 1 1 0 1 1 0 1 1 1 1 0 0 1 1 1 1 0 0
 1 1 1 1 0 0 1 0 1 1 0 0 1 0 1 1 1 1 1 0 1 1 0 0 1 1 1 1 1 0 1 1 1 0 1 1 1
 0 1 1 0 0 1 1 1 1 1 1 1 1 1 0 1 1 1 1 1 0 1 1 1 1 1 1 1 1 1 1 0 0 0 1 0 0
 0 0 1 1 1 1 0 1 1 1 0 1 1 1 1 0 1 1 1 0 1 0 0 0 0 1 1 1 1 1 0 1 1 0 1 0 1
 0 1 0 1 1 1 1 1 1 0 1 1 1 1 0 0 1 0 1 1 1 1 0 0 1 1 1 1 0 0 1 0 1 1 1 1 0
 1 0 0 1 1 1 1 1 1 1 1 1 1 0 0 1 1 1 1 1 0 1 0 1 0 1 1 1 1 1 1 1 0 0 1 1 0
 0 1 0 1 1 0 0 0 0 0 1 1 1 1 1 1 0 0 1 1 0 1 1 0 1 1 1 0 1 1 0 1 1 1 1 0 0
 0 1 1 0 0 1 1 1 1 1 0 1 1 1 1 1 1 1 0 1 0 1 1 0 1]"
SGD,"SGDClassifier(alpha=0.01, random_state=123)",{'alpha': 0.01},by counts,15,0.7211516734924446,0.7273351648351648,0.7486263736263736,0.7614107883817427,0.8436781609195402,0.8004362050163578,0.4677821532817617,"[[178 115]
 [ 68 367]]","[1 0 1 0 1 1 1 1 1 1 1 1 0 1 0 1 1 1 1 0 0 1 1 1 1 1 1 0 1 1 1 1 1 1 1 0 0
 1 0 0 1 1 1 1 1 0 1 1 1 1 0 0 1 1 0 1 1 1 1 0 0 0 1 0 0 1 1 1 1 1 0 1 1 1
 0 0 0 0 1 0 0 1 1 1 1 0 1 1 1 1 1 1 0 1 1 1 0 0 0 0 1 0 1 0 1 0 1 0 1 1 0
 0 1 1 1 0 0 1 1 1 1 1 1 1 0 1 1 0 1 0 1 1 1 1 1 1 0 0 0 1 1 0 0 0 1 1 0 1
 0 1 0 1 1 1 1 1 0 0 1 0 0 0 0 0 1 1 1 1 1 1 1 1 1 1 0 1 1 1 0 1 1 1 0 1 1
 1 1 1 0 1 1 0 1 1 0 1 1 1 1 0 0 1 0 1 1 1 1 1 1 1 1 0 1 0 1 0 1 1 1 1 0 1
 1 0 1 1 1 1 0 0 1 0 0 1 1 0 1 1 1 0 0 1 1 0 1 1 1 0 0 1 0 0 0 0 1 1 1 1 1
 0 1 1 0 1 0 1 0 0 1 1 1 1 0 0 1 1 1 1 1 1 0 1 1 1 1 1 0 1 1 1 0 0 0 0 0 1
 1 1 1 0 0 0 1 1 1 1 0 1 1 1 1 0 1 1 1 1 1 1 1 0 1 1 1 1 1 0 1 0 1 1 0 1 1
 1 1 0 0 1 1 1 1 1 1 0 1 0 0 0 1 1 1 1 1 1 1 1 1 1 1 0 0 0 0 1 0 1 1 1 0 0
 1 0 0 1 0 0 1 1 1 0 1 0 1 1 1 1 1 1 0 1 1 0 1 0 0 1 1 1 1 1 0 1 1 0 1 0 0
 1 1 1 1 0 1 1 0 1 1 1 1 1 1 1 1 1 1 0 1 1 1 1 0 1 0 1 0 0 1 0 0 1 1 0 1 1
 0 1 0 1 1 1 1 1 1 1 1 1 1 0 1 1 1 0 1 1 1 0 1 1 0 1 1 1 0 0 0 1 1 1 1 0 0
 1 1 1 1 0 0 1 0 0 1 1 0 1 0 1 0 1 1 1 0 1 1 0 0 1 1 1 1 0 0 1 1 1 0 1 1 1
 0 1 1 0 0 1 1 1 1 1 1 1 1 1 0 1 1 1 1 1 0 1 1 1 1 0 1 1 1 1 1 0 0 0 1 0 0
 0 0 1 1 1 1 0 0 1 1 0 1 1 1 1 0 1 1 1 0 1 0 0 0 0 1 1 0 1 1 0 1 1 0 1 0 1
 0 1 0 1 1 1 1 1 1 0 1 1 1 1 0 0 1 0 1 1 1 1 0 0 1 0 1 1 0 0 1 0 1 1 1 1 0
 0 0 0 1 1 1 1 1 1 1 1 1 1 0 0 1 1 1 1 1 0 1 0 1 0 1 1 1 1 1 1 1 0 0 1 1 0
 0 1 0 1 1 0 0 0 0 0 1 1 1 1 1 1 0 0 1 1 0 0 1 0 1 1 1 0 1 1 0 1 1 1 1 0 0
 0 0 1 0 0 1 1 1 1 1 0 1 1 1 1 1 1 1 0 1 0 1 1 0 1]"
SGD,"SGDClassifier(alpha=0.1, random_state=123)",{'alpha': 0.1},by counts,22,0.7256107894365204,0.7252747252747253,0.7513736263736264,0.7560483870967742,0.8620689655172413,0.8055853920515574,0.4726464015083492,"[[172 121]
 [ 60 375]]","[1 0 1 0 1 1 1 1 1 1 1 1 1 1 0 1 1 1 1 0 0 1 1 1 1 1 1 0 1 1 1 1 1 1 1 1 0
 1 0 0 1 1 0 1 1 0 1 1 1 1 0 0 1 1 0 1 0 1 1 1 0 0 0 0 0 1 1 1 1 1 0 1 1 1
 0 0 0 0 1 0 1 1 1 1 1 0 1 1 1 1 1 1 0 1 1 1 0 1 0 0 1 0 1 0 1 0 1 0 1 1 0
 0 1 1 1 0 0 1 1 1 1 1 1 1 1 1 1 0 1 0 1 1 1 1 1 1 0 0 0 1 1 0 0 0 1 1 0 1
 0 1 0 1 1 1 1 1 0 0 1 0 0 0 0 1 1 1 1 1 1 1 1 1 1 1 1 1 1 1 0 1 1 1 0 1 0
 1 1 1 0 1 1 0 1 1 0 1 1 1 1 0 0 1 0 1 1 1 1 1 1 1 1 0 1 0 1 0 1 1 1 1 0 1
 1 0 1 1 1 1 0 0 1 0 1 1 1 0 1 1 1 1 0 1 1 0 1 1 1 0 0 1 0 0 0 0 1 1 1 1 1
 0 1 1 0 1 0 1 0 0 1 1 1 0 0 0 1 1 1 1 1 1 0 1 1 1 0 1 1 1 1 1 0 0 0 0 0 1
 1 1 1 0 1 0 1 1 1 1 0 1 1 1 1 0 1 1 1 1 1 1 1 0 1 1 1 1 1 0 1 0 1 1 0 1 1
 1 1 0 0 1 1 1 1 1 1 0 1 0 0 0 1 1 1 0 1 1 1 1 1 1 1 0 0 0 0 1 0 1 1 1 0 0
 1 0 0 1 0 0 1 1 1 1 1 0 1 1 1 1 1 1 0 1 1 0 1 0 0 1 1 1 1 1 0 1 1 0 1 0 0
 1 1 1 1 0 1 1 1 1 1 1 1 1 1 1 1 1 1 0 1 1 1 1 1 1 0 1 0 0 1 0 0 1 1 0 1 1
 0 1 1 0 1 1 1 1 1 1 1 1 1 0 1 1 1 0 1 1 1 0 1 1 0 1 1 1 0 0 0 1 1 1 1 0 0
 1 1 1 1 0 0 1 0 0 1 1 1 1 1 1 0 1 1 1 0 1 1 0 0 1 1 1 1 0 0 1 1 1 0 1 1 1
 0 1 1 0 0 1 1 1 1 1 1 1 1 1 0 1 1 1 1 1 0 1 1 1 1 1 1 1 1 1 1 0 0 0 1 0 0
 0 0 1 1 1 1 0 0 1 1 0 1 1 1 1 0 1 1 1 0 1 0 0 0 0 1 1 1 1 1 0 1 1 1 1 0 1
 0 1 0 1 1 1 0 1 1 0 1 1 1 1 0 0 1 1 1 1 1 1 0 0 1 0 1 1 0 0 1 0 1 1 1 1 0
 1 0 1 1 1 1 1 1 1 1 1 1 1 0 0 1 1 1 1 1 0 1 0 1 0 1 1 1 1 1 1 1 0 0 1 1 0
 0 1 0 1 1 0 0 0 0 0 1 1 1 1 1 0 0 0 1 1 0 1 1 0 1 1 1 0 1 1 0 1 1 1 1 0 0
 0 0 1 0 0 1 1 1 1 1 0 1 1 1 0 1 1 1 0 1 0 1 1 0 1]"
SGD,"SGDClassifier(alpha=0.01, random_state=123)",{'alpha': 0.01},by counts,32,0.7242444569975992,0.7348901098901099,0.7376373626373627,0.7541666666666667,0.832183908045977,0.7912568306010929,0.444373507149439,"[[175 118]
 [ 73 362]]","[1 0 1 0 1 1 1 1 1 1 1 1 1 1 0 1 1 1 1 0 0 1 1 1 1 1 1 0 1 1 1 1 1 1 1 1 0
 1 0 0 1 1 1 1 1 0 1 1 1 1 0 0 1 1 0 1 1 1 1 0 0 1 0 0 0 1 1 0 1 1 0 1 1 1
 0 0 0 0 1 0 0 1 1 1 1 0 1 1 1 0 1 1 0 1 1 1 0 1 0 0 1 0 1 0 1 0 1 0 1 1 0
 0 1 1 1 0 0 1 1 1 1 1 1 1 0 1 1 0 1 0 1 1 1 1 1 1 0 0 0 1 1 0 0 0 1 1 0 1
 0 1 0 1 1 1 1 1 0 0 1 0 0 0 0 0 1 1 0 1 1 1 1 1 0 1 1 1 1 1 0 1 1 1 0 1 0
 1 1 1 0 1 1 0 1 1 0 1 0 1 1 0 0 1 0 1 1 1 1 1 1 1 1 0 1 0 1 0 1 1 1 1 0 1
 1 0 1 1 1 1 0 0 1 0 1 1 1 0 1 1 1 0 0 1 1 0 1 1 1 0 0 1 0 0 0 0 1 1 1 1 1
 0 1 1 0 1 0 1 0 0 1 1 1 0 0 0 1 1 1 1 1 1 0 1 1 1 0 1 1 1 1 1 0 0 0 0 0 1
 1 1 1 0 1 0 0 1 1 1 0 1 1 1 1 0 1 1 1 1 1 1 1 0 1 1 1 1 1 0 1 0 1 1 0 1 1
 1 1 0 0 1 1 1 1 1 1 0 1 1 0 0 1 1 1 1 1 1 1 1 1 1 0 0 0 0 0 1 0 1 1 0 0 0
 1 0 0 1 0 0 1 1 1 1 1 0 1 1 1 1 1 1 0 1 1 0 1 0 0 1 1 1 1 1 0 1 1 0 1 0 0
 1 1 1 0 0 1 1 0 1 1 1 1 1 1 1 1 1 1 0 1 1 1 1 1 1 0 1 0 0 1 0 0 1 1 0 1 1
 0 1 1 0 1 1 1 1 1 1 1 1 1 0 1 1 1 0 1 1 1 0 1 1 0 1 1 1 0 0 0 1 1 1 1 0 0
 1 0 1 1 0 0 1 0 0 1 1 0 1 1 0 0 1 1 1 0 1 1 0 0 1 1 1 1 1 0 0 1 1 0 1 1 1
 0 1 1 0 0 1 1 1 1 1 1 1 1 1 0 1 1 1 1 1 0 1 1 1 1 0 1 1 1 1 1 0 0 0 1 0 0
 0 0 1 1 1 1 0 0 1 1 0 1 1 1 1 0 1 1 1 0 1 0 0 0 0 1 1 1 1 1 0 1 1 1 1 0 1
 0 1 0 1 1 1 0 1 1 0 1 1 1 1 0 0 1 1 1 1 1 1 0 0 0 0 1 1 0 0 1 0 1 1 1 1 0
 0 0 1 1 1 1 1 1 1 1 1 1 1 0 0 1 1 1 1 1 0 1 0 1 0 1 1 1 1 1 1 1 0 0 1 1 0
 0 1 0 1 1 0 0 0 0 0 1 1 1 1 1 1 0 0 1 1 0 0 1 0 1 1 1 0 1 1 0 1 1 1 1 0 1
 0 0 0 0 0 1 1 1 1 1 0 1 1 1 0 1 1 1 0 1 0 1 1 0 1]"
SGD,"SGDClassifier(alpha=0.01, random_state=123)",{'alpha': 0.01},by counts,43,0.724925857929671,0.7304258241758241,0.7486263736263736,0.7751091703056768,0.8160919540229885,0.7950727883538633,0.4716306286960709,"[[190 103]
 [ 80 355]]","[1 0 1 0 1 1 1 1 1 1 1 1 1 1 0 1 1 1 1 0 0 1 1 1 1 1 1 0 1 1 1 1 1 1 1 1 0
 1 1 0 1 1 0 1 1 0 0 1 1 1 0 0 1 1 0 1 0 1 1 0 0 0 0 0 0 1 1 0 0 1 0 0 1 1
 0 0 0 0 1 0 1 0 1 1 1 0 1 1 1 1 1 1 0 1 1 1 0 0 0 0 1 0 1 0 1 0 1 0 1 1 0
 0 1 1 1 0 0 1 1 1 1 1 1 1 1 1 1 0 1 0 1 1 1 1 1 1 0 0 0 1 1 0 0 0 1 1 0 1
 0 1 0 1 1 1 0 1 0 0 0 0 0 0 0 0 1 1 0 1 1 1 0 1 1 1 1 0 1 1 0 1 1 1 0 1 0
 1 1 1 0 1 1 0 1 1 0 1 0 1 1 0 0 1 0 1 1 1 1 1 1 1 1 1 1 0 1 0 1 1 1 1 0 1
 1 0 1 1 1 1 0 0 1 0 1 1 1 0 1 1 1 0 0 1 1 0 1 1 1 0 0 0 0 0 0 0 1 1 1 1 1
 0 1 1 0 1 0 1 0 0 1 1 1 0 0 0 1 1 1 1 1 1 0 1 1 1 0 1 0 1 1 1 0 0 0 0 0 1
 1 1 1 0 1 0 0 1 1 1 0 1 1 1 1 0 1 1 1 1 1 1 0 0 1 1 1 1 1 0 1 0 1 1 0 1 1
 1 1 0 0 1 1 1 1 1 1 0 1 0 0 0 1 1 1 0 1 1 1 1 1 1 0 0 0 0 0 1 0 0 1 0 0 0
 1 0 0 1 0 0 0 1 1 1 1 0 1 1 1 1 1 1 0 1 1 0 1 0 0 1 1 1 1 1 0 0 1 0 1 0 0
 1 1 1 0 0 1 1 0 1 1 1 1 1 1 1 0 1 1 0 1 1 1 1 1 1 0 1 0 0 1 0 0 0 1 0 1 1
 0 1 1 1 1 1 1 1 1 1 1 1 1 0 1 1 1 0 1 1 1 0 1 1 0 1 1 1 0 0 0 1 1 1 1 0 0
 1 0 0 1 0 0 1 0 0 1 0 0 1 1 1 0 1 1 1 0 1 1 0 0 1 1 1 1 0 0 0 1 1 0 1 1 0
 0 1 1 0 0 1 1 1 1 1 1 1 1 1 0 1 1 1 1 1 0 1 1 1 1 0 1 1 1 1 1 0 0 0 1 0 0
 0 0 1 1 1 1 0 0 1 1 0 1 1 1 1 0 1 1 1 0 1 0 0 0 0 1 1 1 1 1 0 1 1 1 1 0 1
 0 1 0 1 1 1 0 1 1 0 1 1 1 1 0 0 1 0 1 1 1 1 0 0 0 0 1 1 0 0 1 0 1 1 1 1 0
 0 0 1 1 1 1 0 1 1 1 1 1 1 0 0 1 1 1 1 1 0 1 0 1 0 1 1 1 1 1 1 1 0 0 1 1 0
 0 1 0 1 1 0 0 0 0 0 1 1 1 1 1 0 0 0 1 1 0 0 1 0 1 1 1 0 1 1 0 1 1 1 1 0 0
 0 0 0 0 0 1 1 1 1 1 0 1 1 1 0 1 1 1 0 1 0 1 1 0 1]"
SGD,"SGDClassifier(alpha=0.1, random_state=123)",{'alpha': 0.1},by counts,48,0.7214906086710917,0.7328296703296703,0.7445054945054945,0.75564681724846,0.8459770114942529,0.7982646420824295,0.4583464857357842,"[[174 119]
 [ 67 368]]","[1 0 1 0 1 1 1 1 1 1 1 1 1 1 0 1 1 1 1 0 0 1 1 1 1 1 1 0 1 1 1 1 1 1 1 1 0
 1 1 0 1 1 1 1 1 0 1 1 1 1 0 0 1 1 0 1 0 1 1 1 0 0 0 0 0 1 1 0 1 1 0 0 1 1
 1 0 0 0 1 0 1 1 1 1 1 0 1 1 1 0 1 1 0 1 1 1 0 1 0 0 1 0 1 0 1 0 1 0 1 1 0
 0 1 1 1 0 0 1 1 1 1 1 1 1 1 1 1 0 1 0 1 1 1 1 1 1 0 0 0 1 1 0 0 0 1 1 0 1
 0 1 0 1 1 1 1 1 0 0 1 0 0 0 0 1 1 1 0 1 1 1 1 1 1 1 1 0 1 1 0 1 1 1 0 1 0
 1 1 1 0 1 1 0 1 1 0 1 0 1 1 0 0 1 0 1 1 1 1 1 1 1 1 0 1 0 1 0 1 1 1 1 0 1
 1 0 1 1 1 1 0 0 1 0 1 1 1 0 1 1 1 1 0 1 1 0 1 1 1 0 0 0 0 0 0 0 1 1 1 1 1
 0 1 1 0 1 0 1 0 0 1 1 1 0 0 0 1 1 1 1 1 1 0 1 1 1 0 1 1 1 1 1 0 0 0 0 0 1
 1 1 1 0 1 0 1 1 1 1 0 1 1 1 1 0 1 1 1 1 1 1 1 0 1 1 1 1 1 0 1 0 1 1 0 1 1
 1 1 0 0 1 1 1 1 1 1 0 1 0 1 0 1 1 1 1 1 1 1 1 1 1 1 0 0 0 0 1 0 0 1 1 0 0
 1 0 0 1 0 0 0 1 1 1 1 0 1 1 1 1 1 1 1 1 1 0 1 0 0 1 1 1 1 1 0 1 1 0 1 0 0
 1 1 1 1 0 1 1 0 1 1 1 1 1 1 1 1 1 1 0 1 1 1 1 1 1 0 1 0 0 1 0 0 1 1 0 1 1
 0 1 1 1 1 1 1 1 1 1 1 1 1 0 1 1 1 0 1 1 1 0 1 1 0 1 1 1 0 0 0 1 1 1 1 0 0
 1 0 1 1 0 0 1 0 1 1 1 0 1 1 1 0 1 1 1 0 1 1 0 0 1 1 1 1 1 0 0 1 1 0 0 1 0
 0 1 1 0 0 1 1 1 1 1 1 1 1 1 0 1 1 1 1 1 0 1 1 1 1 0 1 1 1 1 1 0 0 0 1 0 0
 0 0 1 1 1 1 0 0 1 1 0 1 1 1 1 0 1 1 1 0 1 0 0 0 0 1 1 1 1 1 0 1 1 1 1 0 1
 0 1 0 1 1 1 0 1 1 0 1 1 1 1 0 0 1 1 1 1 1 1 0 0 0 0 1 1 0 0 1 0 1 1 1 1 0
 0 0 1 1 1 0 1 1 1 1 1 1 1 0 0 1 1 1 1 1 0 1 0 1 0 1 1 1 1 1 1 1 0 0 1 1 0
 0 1 0 1 1 0 0 0 0 0 1 1 1 1 1 0 0 0 1 1 0 1 1 0 1 1 1 0 1 1 0 1 1 1 1 0 1
 0 0 0 0 0 1 1 1 1 1 0 1 1 1 0 1 1 1 1 1 0 1 1 0 1]"
SGD,"SGDClassifier(alpha=0.1, random_state=123)",{'alpha': 0.1},No Reduction,51,0.7238949300946195,0.7342032967032966,0.7472527472527473,0.7587628865979381,0.8459770114942529,0.7999999999999999,0.46449507163282544,"[[176 117]
 [ 67 368]]","[1 0 1 0 1 1 1 1 1 1 1 1 1 1 0 1 1 1 1 0 0 1 1 1 1 1 1 0 1 1 1 1 1 1 1 1 0
 1 1 0 1 1 1 1 1 0 1 1 1 1 0 0 1 1 0 1 0 1 1 1 0 0 0 0 0 1 1 0 1 1 0 0 1 1
 1 0 0 0 1 0 1 1 1 1 1 0 1 1 1 0 1 1 0 1 1 1 0 1 0 0 1 0 1 0 1 0 1 0 1 1 0
 0 1 1 1 0 0 1 1 1 1 1 1 1 1 1 1 0 1 0 1 1 1 1 1 1 0 0 0 1 1 0 0 0 1 1 0 1
 0 1 0 1 1 1 1 1 0 0 1 0 0 0 0 1 1 1 0 1 1 1 1 1 0 1 1 0 1 1 0 1 1 1 0 1 0
 1 1 1 0 1 1 0 1 1 0 1 0 1 1 0 0 1 0 1 1 1 1 1 1 1 1 0 1 0 1 0 1 1 1 1 0 1
 1 0 1 1 1 1 0 0 1 0 1 1 1 0 1 1 1 1 0 1 1 0 1 1 1 0 0 0 0 0 0 0 1 1 1 1 1
 0 1 1 0 1 0 1 0 0 1 1 1 0 0 0 1 1 1 1 1 1 0 1 1 1 0 1 1 1 1 1 0 0 0 0 0 1
 1 1 1 0 1 1 1 1 1 1 0 1 1 1 1 0 1 1 1 1 1 1 1 0 1 1 1 1 1 0 1 0 1 1 0 1 1
 1 1 0 0 1 1 1 1 1 1 0 1 0 1 0 1 1 1 0 1 1 1 1 1 1 1 0 0 0 0 1 0 0 1 1 0 0
 1 0 0 1 0 0 0 1 1 1 1 0 1 1 1 1 1 1 1 1 1 0 1 0 0 1 1 1 1 1 0 1 1 0 1 0 0
 1 1 1 1 0 1 1 0 1 1 1 1 1 1 1 1 1 1 0 1 1 1 1 1 1 0 1 0 0 1 0 0 1 1 0 1 1
 0 1 1 1 1 1 1 1 1 1 1 1 1 0 1 1 1 0 1 1 1 0 1 1 0 1 1 1 0 0 0 1 1 1 1 0 0
 1 0 1 1 0 0 1 0 1 1 1 0 1 1 1 0 1 1 1 0 1 1 0 0 1 1 1 1 1 0 0 1 1 0 0 1 0
 0 1 1 0 0 1 1 1 1 1 1 1 1 1 0 1 1 1 1 1 0 1 1 1 1 0 1 1 1 1 1 0 0 0 1 0 0
 0 0 1 1 1 1 0 0 1 1 0 1 1 1 1 0 1 1 1 0 1 0 0 0 0 1 1 1 1 1 0 1 1 1 1 0 1
 0 1 0 1 1 1 0 1 1 0 1 1 1 1 0 0 1 0 1 1 1 1 0 0 0 0 1 1 0 0 1 0 1 1 1 1 0
 0 0 1 1 1 0 1 1 1 1 1 1 1 0 0 1 1 1 1 1 0 1 0 1 0 1 1 1 1 1 1 1 0 0 1 1 0
 0 1 0 1 1 0 0 0 0 0 1 1 1 1 1 0 0 0 1 1 0 1 1 0 1 1 1 0 1 1 0 1 1 1 1 0 1
 0 0 0 0 0 1 1 1 1 1 0 1 1 1 0 1 1 1 1 1 0 1 1 0 1]"
RF,"RandomForestClassifier(max_depth=5, n_estimators=50, n_jobs=-1,
                       random_state=123)","{'max_depth': 5, 'n_estimators': 50}",by counts,4,0.7228592948265311,0.7431318681318682,0.7623626373626373,0.7695473251028807,0.8597701149425288,0.8121606948968513,0.49709794003080937,"[[181 112]
 [ 61 374]]","[1 0 1 0 1 1 1 1 1 1 0 1 0 1 1 1 1 1 0 0 0 1 0 1 0 1 1 0 1 1 1 1 0 1 1 1 0
 1 1 0 1 1 0 1 1 0 1 1 1 1 0 1 1 1 0 1 1 1 1 1 0 0 0 0 0 1 1 1 1 1 0 1 1 1
 0 0 0 0 1 0 1 0 1 1 1 0 1 1 1 0 1 1 1 1 1 1 0 1 0 0 1 0 1 1 1 0 1 0 1 1 0
 0 1 1 1 0 0 1 1 1 1 1 1 1 1 1 1 0 1 0 1 1 1 1 1 1 0 1 0 1 1 0 0 0 1 1 0 1
 0 1 0 1 1 1 1 1 0 0 1 0 0 0 0 0 1 0 1 1 1 1 0 1 1 1 1 1 1 1 1 1 1 1 1 1 0
 1 1 1 0 1 1 0 1 0 0 1 1 1 1 0 0 1 0 1 0 1 1 1 1 1 1 0 1 0 1 0 1 1 1 1 0 1
 1 0 1 1 1 1 0 0 1 0 1 1 1 1 1 1 1 1 1 1 1 0 1 0 1 0 1 1 0 0 1 1 1 1 1 1 1
 0 1 1 0 1 0 1 0 0 1 1 1 0 0 0 1 1 1 1 1 1 0 1 1 1 0 1 1 1 1 1 0 0 0 0 0 1
 1 1 1 0 0 0 0 1 1 1 0 1 1 1 1 0 1 1 1 1 1 1 1 0 1 1 1 1 1 0 1 0 1 1 0 1 1
 1 1 0 0 1 1 1 1 1 1 0 1 0 0 0 0 1 1 1 1 1 1 0 1 1 0 0 0 0 0 1 0 1 1 0 0 1
 1 0 1 1 0 1 1 1 1 1 1 1 1 1 1 1 1 1 1 1 1 0 1 0 0 1 1 1 1 1 0 1 1 0 1 0 0
 1 1 1 1 0 1 1 0 1 1 1 1 1 1 1 1 1 1 0 0 1 1 1 1 1 0 1 0 0 0 0 0 1 1 0 1 1
 0 1 1 1 1 1 1 1 1 0 0 1 1 0 1 1 1 0 1 1 1 0 1 1 0 1 1 1 1 1 0 1 1 1 1 0 0
 1 1 0 1 0 0 1 0 0 1 0 0 1 0 0 0 1 1 1 0 1 1 0 0 1 1 1 1 1 0 1 1 1 0 0 1 1
 0 1 1 0 0 1 1 1 1 1 1 1 1 1 0 0 1 1 1 1 0 1 1 1 1 1 1 0 1 1 1 0 0 1 1 0 0
 0 0 1 1 1 0 0 1 1 1 0 1 1 1 1 0 1 0 1 0 1 0 0 0 0 1 0 1 1 1 0 1 1 0 0 0 1
 0 1 0 1 1 0 1 1 1 0 0 1 1 1 0 0 1 0 1 1 1 1 0 0 0 0 1 1 0 1 1 1 1 1 1 1 0
 1 0 0 1 1 0 1 1 1 1 1 1 1 0 0 1 1 1 1 1 0 0 0 1 0 1 1 1 1 1 1 1 0 0 1 1 0
 0 1 0 1 1 0 0 1 0 0 1 1 1 1 1 1 0 0 1 1 0 1 1 0 1 1 1 1 1 1 0 1 1 1 1 0 0
 0 1 1 0 0 1 0 1 1 1 1 1 1 1 1 1 1 1 1 1 0 1 1 0 1]"
RF,"RandomForestClassifier(max_depth=7, n_estimators=50, n_jobs=-1,
                       random_state=123)","{'max_depth': 7, 'n_estimators': 50}",by counts,9,0.7249293885044485,0.792239010989011,0.7431318681318682,0.748995983935743,0.8574712643678161,0.7995712754555199,0.4544917992730557,"[[168 125]
 [ 62 373]]","[1 0 1 0 1 1 0 1 1 1 1 1 0 1 0 1 1 1 0 0 0 1 1 1 0 1 1 0 1 1 1 1 0 1 1 1 0
 1 0 0 1 1 0 1 1 0 1 1 1 1 0 1 1 1 0 1 1 1 1 1 0 0 0 0 0 1 1 1 1 1 0 1 1 1
 0 0 0 0 1 0 1 0 1 1 1 1 1 1 1 1 1 1 1 1 1 1 0 1 0 0 1 0 1 1 1 0 1 0 1 1 0
 0 1 1 1 0 0 1 1 1 1 1 1 1 0 1 1 0 1 0 1 1 1 1 1 1 0 1 0 1 1 0 0 0 1 1 0 1
 1 1 0 1 1 1 1 1 0 0 1 0 0 0 0 0 1 1 1 1 1 1 0 1 1 1 0 1 1 1 0 1 1 1 1 1 1
 1 1 1 0 1 1 0 1 1 0 1 1 1 1 0 0 1 0 1 1 1 1 1 1 1 1 1 1 0 1 0 1 1 1 1 0 1
 1 0 1 1 1 1 0 0 1 0 1 0 1 1 1 1 1 1 1 1 1 0 1 1 1 0 1 1 0 0 1 1 1 1 1 1 1
 0 1 1 0 1 0 1 0 0 1 1 1 0 0 0 1 1 1 1 1 1 0 1 1 1 1 1 1 1 1 1 0 0 0 0 0 1
 1 1 1 1 1 0 0 1 1 1 0 1 1 1 1 0 1 1 1 1 1 1 1 0 1 1 1 1 1 0 1 0 1 1 0 1 1
 1 1 0 0 1 1 1 1 1 1 0 1 0 0 0 0 1 1 1 1 1 1 0 1 1 0 0 0 0 0 1 0 1 1 1 0 1
 1 0 1 0 0 0 1 1 1 1 1 0 1 1 1 1 1 1 0 1 1 0 1 0 0 1 1 1 1 1 0 1 1 0 1 0 0
 1 1 1 1 0 1 1 0 1 1 1 1 1 1 1 1 1 1 0 0 1 1 1 1 1 0 1 0 0 1 0 0 1 1 0 1 1
 1 1 1 1 1 1 1 1 1 1 0 1 1 0 1 1 1 0 1 1 1 0 1 1 0 1 1 1 1 1 0 1 1 1 1 0 0
 1 1 0 1 0 0 1 0 0 1 0 0 1 0 0 1 1 1 1 0 1 1 0 0 1 1 1 1 1 0 1 1 1 0 1 1 1
 0 1 1 0 0 1 1 1 1 1 1 1 1 1 1 0 1 1 1 1 0 1 1 0 1 1 1 0 1 1 1 0 0 0 1 0 0
 0 0 1 1 1 0 0 1 1 1 0 1 1 1 1 0 1 1 1 0 1 0 0 0 0 1 1 0 1 1 0 1 1 0 0 0 1
 1 1 0 1 1 0 1 1 1 0 1 1 1 1 0 0 1 0 1 1 1 1 0 0 0 1 0 1 0 1 1 1 1 1 1 1 0
 1 0 1 1 1 1 1 0 1 1 1 1 1 0 0 0 1 1 1 1 0 0 0 1 0 1 1 1 1 1 1 1 0 0 1 1 0
 0 1 1 1 1 1 0 1 0 0 1 1 1 1 0 1 0 0 1 0 0 1 1 1 1 1 1 0 1 1 0 1 1 1 1 0 0
 0 1 1 0 0 1 0 1 1 1 1 1 1 1 1 1 1 1 1 1 0 1 1 1 1]"
RF,"RandomForestClassifier(max_depth=9, n_estimators=200, n_jobs=-1,
                       random_state=123)","{'max_depth': 9, 'n_estimators': 200}",by counts,15,0.7307642517535189,0.8451236263736264,0.7458791208791209,0.7470355731225297,0.8689655172413793,0.8034006376195536,0.4602739923915892,"[[165 128]
 [ 57 378]]","[1 0 1 0 1 1 1 1 1 1 1 1 0 1 0 1 1 1 1 0 0 1 1 1 0 1 1 0 1 1 1 1 1 1 1 1 0
 1 0 0 1 1 0 1 1 0 1 1 1 1 0 1 1 1 1 1 1 1 1 1 0 0 1 0 0 1 1 1 1 1 0 1 1 1
 0 0 0 0 1 0 1 0 1 1 1 1 1 1 1 1 1 1 1 1 1 1 0 1 0 0 1 0 1 1 1 0 1 0 1 1 0
 0 1 1 1 0 0 1 1 1 1 1 1 1 0 1 1 0 1 0 1 1 1 1 1 1 0 1 0 1 1 0 0 0 1 1 0 1
 1 1 0 1 1 1 1 1 0 0 1 0 0 0 0 0 1 1 1 1 1 1 1 1 1 1 0 1 1 1 0 1 1 1 0 1 1
 1 1 1 0 1 1 0 1 1 0 1 1 1 1 1 0 1 0 1 1 1 1 1 1 1 1 1 1 0 1 0 1 1 1 1 0 1
 1 0 1 1 1 1 0 0 1 0 1 0 1 1 1 1 1 0 1 1 1 0 1 1 1 0 1 1 0 0 1 1 1 1 1 1 1
 0 1 1 0 1 0 1 0 0 1 1 1 0 0 0 1 1 1 1 1 1 0 1 1 1 0 1 0 1 1 1 0 0 0 0 0 1
 1 1 1 1 1 0 1 1 1 1 0 1 1 1 1 0 1 1 1 1 1 1 1 0 1 1 1 1 1 0 1 0 1 1 0 1 1
 1 1 0 0 1 1 1 1 1 1 0 1 0 0 0 0 1 1 1 1 1 1 0 1 1 0 0 0 0 0 1 0 1 1 1 0 1
 1 0 1 0 1 1 1 1 1 1 1 1 1 1 1 1 1 1 0 1 0 0 1 0 0 1 1 1 1 1 0 1 1 0 1 0 0
 1 1 1 1 0 1 1 0 1 1 1 1 1 1 1 1 1 1 0 0 1 1 1 1 1 0 1 0 1 1 0 0 1 1 1 1 1
 1 1 1 1 1 1 1 1 1 0 1 1 1 0 1 1 1 0 1 1 1 0 1 1 0 1 1 0 1 0 0 1 1 1 1 0 0
 1 1 0 1 0 0 1 0 0 1 1 0 1 0 0 0 1 1 1 0 1 1 0 0 1 1 1 1 1 0 1 1 1 0 0 1 1
 0 1 1 0 0 1 1 1 1 1 1 1 1 1 1 1 1 1 1 1 1 1 1 1 1 0 1 1 1 1 1 0 0 0 1 0 0
 0 1 1 1 1 0 0 1 1 1 0 1 1 1 1 0 1 0 1 0 1 0 0 0 0 1 1 1 1 1 0 1 1 1 0 0 1
 1 1 0 1 1 0 1 1 1 0 0 1 1 1 0 0 1 0 1 1 1 1 0 0 0 0 1 1 0 1 1 0 1 1 1 1 0
 0 0 1 1 1 0 1 0 1 1 1 1 1 0 0 0 1 1 1 1 0 1 0 1 0 1 1 1 1 1 1 1 0 0 1 1 0
 0 1 1 1 1 1 0 1 0 0 1 1 1 1 1 1 0 0 1 1 0 1 1 0 1 1 1 0 1 1 1 1 1 1 1 0 0
 0 1 1 0 1 1 0 1 1 1 0 1 1 1 1 1 1 1 1 1 0 1 1 0 1]"
RF,"RandomForestClassifier(max_depth=7, n_estimators=50, n_jobs=-1,
                       random_state=123)","{'max_depth': 7, 'n_estimators': 50}",by counts,22,0.7276749988231417,0.7908653846153846,0.7431318681318682,0.7330827067669173,0.896551724137931,0.8066184074457083,0.45540418040595615,"[[151 142]
 [ 45 390]]","[1 0 1 0 1 1 1 1 1 1 1 1 0 1 0 1 1 1 1 0 0 1 1 1 0 1 1 0 1 1 1 1 1 1 1 1 0
 1 0 0 1 1 0 1 1 0 1 1 1 1 0 1 1 1 0 1 1 1 1 1 0 0 1 0 0 1 1 1 1 1 0 1 1 1
 0 0 0 1 1 0 1 0 1 1 1 1 1 1 1 1 1 1 1 1 1 1 0 1 0 0 1 0 1 1 1 0 1 0 1 1 0
 0 1 1 1 0 0 1 1 1 1 1 1 1 0 1 1 0 1 0 1 1 1 1 1 1 0 1 0 1 1 0 0 1 1 1 0 1
 1 1 0 1 1 1 1 1 0 0 1 0 0 0 0 0 1 1 1 1 1 1 1 1 1 1 1 1 1 1 0 1 1 1 1 1 0
 1 1 1 0 1 1 0 1 1 0 1 1 1 1 1 0 1 0 1 1 1 1 1 1 1 1 1 1 0 1 0 1 1 1 1 0 1
 1 0 1 1 1 1 0 0 1 0 1 1 1 1 1 1 1 1 1 1 1 1 1 1 1 0 1 1 0 1 1 1 1 1 1 1 1
 0 1 1 0 1 0 1 0 1 1 1 1 0 0 1 1 1 1 1 1 1 0 1 1 1 1 1 0 1 1 1 0 0 0 0 0 1
 1 1 1 1 1 0 1 1 1 1 0 1 1 1 1 0 1 1 1 1 1 1 1 0 1 1 1 1 1 0 1 0 1 1 0 1 1
 1 1 0 0 1 1 1 1 1 1 0 1 0 0 0 0 1 1 1 1 1 1 1 1 1 1 0 0 0 0 1 0 1 1 1 0 1
 1 0 0 1 1 1 1 1 1 1 1 0 1 1 1 1 1 1 1 1 0 0 1 1 0 1 1 1 1 1 0 1 1 0 1 0 0
 1 1 1 1 0 1 1 0 1 1 1 1 1 1 1 1 1 1 1 1 1 1 1 1 1 0 1 0 1 0 0 0 1 1 0 1 1
 0 1 1 1 1 1 1 1 1 1 1 1 1 0 1 1 1 0 1 1 1 0 1 1 0 1 1 1 1 0 0 1 1 1 1 0 0
 1 1 0 1 0 0 1 0 1 1 1 0 1 0 1 0 1 1 1 0 1 1 0 0 1 1 1 1 1 0 1 1 1 0 0 1 1
 0 1 1 0 0 1 1 1 1 1 1 1 1 1 1 1 1 1 1 1 1 1 1 1 1 1 1 1 1 1 1 0 0 0 1 0 0
 0 0 1 1 1 0 0 1 1 1 0 1 1 1 1 0 1 0 1 0 1 0 0 0 0 1 1 1 1 1 0 1 1 1 1 0 1
 1 1 0 1 1 0 1 1 1 0 1 1 1 1 0 0 1 0 1 1 1 1 0 0 0 1 1 1 0 1 1 1 1 1 1 1 0
 1 0 1 1 1 0 1 1 1 1 1 1 1 0 0 1 1 1 1 1 0 1 0 1 0 1 1 1 1 1 1 1 0 0 1 1 0
 0 1 1 1 1 1 0 1 0 0 1 1 1 1 1 0 0 0 1 1 0 1 1 1 1 1 1 1 1 1 1 1 1 1 1 1 0
 0 1 1 0 1 1 0 1 1 1 1 1 1 1 1 1 1 1 1 1 0 1 1 1 1]"
RF,"RandomForestClassifier(max_depth=9, n_estimators=200, n_jobs=-1,
                       random_state=123)","{'max_depth': 9, 'n_estimators': 200}",by counts,32,0.7311043637904252,0.8646978021978022,0.7664835164835165,0.7572815533980582,0.896551724137931,0.8210526315789473,0.5065457948462428,"[[168 125]
 [ 45 390]]","[1 0 1 0 1 1 1 1 1 1 1 1 0 1 1 1 1 1 1 1 0 1 1 1 0 1 1 0 1 1 1 1 1 1 1 1 0
 1 1 0 1 1 0 1 1 0 1 1 1 1 0 1 1 1 0 1 1 1 1 1 0 0 0 0 0 1 1 1 1 1 0 1 1 1
 0 0 0 0 1 0 1 0 1 1 1 0 1 1 1 0 1 1 1 1 1 1 0 1 0 0 1 0 1 1 1 0 1 0 1 1 0
 0 1 1 1 0 0 1 1 1 1 1 1 1 0 1 1 0 1 0 1 1 1 1 1 1 0 1 0 1 1 0 0 0 1 1 0 1
 1 1 0 1 1 1 1 1 0 0 1 0 0 0 0 0 1 1 1 1 1 1 0 1 1 1 1 1 1 1 1 1 1 1 1 1 0
 1 1 1 0 1 1 0 1 1 0 1 1 1 1 1 0 1 0 1 1 1 1 1 1 1 1 1 1 0 1 0 1 1 1 1 0 1
 1 0 1 1 1 1 0 0 1 0 1 1 1 1 1 1 1 0 1 1 1 0 1 1 1 0 1 1 0 0 1 1 1 1 1 1 1
 0 1 1 0 1 0 1 0 0 1 1 1 0 0 1 1 1 1 1 1 1 0 1 1 1 1 1 0 1 1 1 0 0 0 0 0 1
 1 1 1 1 1 0 0 1 1 1 0 1 1 1 1 0 1 1 1 1 1 1 1 0 1 1 1 1 1 0 1 0 1 1 0 1 1
 1 1 1 0 1 1 1 1 1 1 0 1 0 0 0 0 1 1 1 1 1 1 1 1 1 1 1 1 0 0 1 0 1 1 1 0 1
 1 0 1 0 1 1 1 1 1 1 1 0 1 1 1 1 1 1 0 1 1 0 1 0 0 1 1 1 1 1 0 1 1 0 1 0 0
 1 1 1 1 0 1 1 0 1 1 1 1 1 1 1 1 1 1 0 0 1 1 1 1 1 0 1 0 0 1 0 0 1 1 0 1 1
 1 1 1 1 1 1 1 1 1 0 1 1 1 0 1 1 1 0 1 1 1 0 1 1 0 1 1 1 1 0 0 1 1 1 1 0 0
 1 1 0 1 0 0 1 0 1 1 1 0 1 0 0 0 1 1 1 0 1 1 0 0 1 1 1 1 1 0 1 1 1 0 0 1 1
 0 1 1 0 0 1 1 1 1 1 1 1 1 1 1 1 1 1 1 1 0 1 1 1 1 0 1 1 1 1 1 0 0 0 1 0 0
 0 0 1 1 1 0 0 1 1 1 0 1 1 1 1 0 1 0 1 0 1 0 0 0 0 1 1 1 1 1 0 1 1 1 0 0 1
 0 1 0 1 1 0 1 1 1 0 1 1 1 1 0 0 1 0 1 1 1 1 0 0 0 1 1 1 0 0 1 1 1 1 1 1 0
 1 0 1 1 1 0 1 1 1 1 1 1 1 0 0 1 1 1 1 1 0 1 0 1 0 1 1 1 1 1 1 1 0 0 1 1 0
 0 1 0 1 1 1 0 0 0 0 1 1 1 1 1 1 0 0 1 1 0 1 1 1 1 1 1 0 1 1 1 1 1 1 1 0 0
 0 1 1 0 0 1 0 1 1 1 1 1 1 1 1 1 1 1 1 1 0 1 1 1 1]"
RF,"RandomForestClassifier(max_depth=9, n_estimators=50, n_jobs=-1,
                       random_state=123)","{'max_depth': 9, 'n_estimators': 50}",by counts,43,0.7317987101633479,0.8650412087912088,0.7445054945054945,0.7362428842504743,0.8919540229885058,0.8066528066528066,0.45802051929080245,"[[154 139]
 [ 47 388]]","[1 0 1 0 1 1 1 1 1 1 1 1 0 1 1 1 1 1 0 1 0 1 1 1 0 1 1 0 1 1 1 1 0 1 1 1 0
 1 1 0 1 1 0 1 1 0 1 1 1 1 0 0 1 1 1 1 0 1 1 1 0 0 0 0 0 1 1 1 1 1 0 1 1 1
 0 0 0 0 1 0 1 0 1 1 1 0 1 1 1 1 1 1 1 1 1 1 0 1 0 0 1 0 1 1 1 1 1 0 1 1 0
 0 1 1 1 0 0 1 1 1 1 1 1 1 0 1 1 0 1 0 1 1 1 1 1 1 0 1 0 1 1 0 0 1 1 1 0 1
 1 1 0 1 1 1 1 1 0 0 1 0 0 1 0 1 1 1 1 1 1 1 0 1 1 1 0 0 1 1 0 1 1 1 0 1 0
 1 1 1 0 1 1 0 1 1 0 1 1 1 1 1 0 1 0 1 1 1 1 1 1 1 1 1 1 0 1 0 1 1 1 1 0 1
 1 0 1 1 1 1 0 0 1 0 1 1 1 1 1 1 1 1 1 1 1 0 1 1 1 0 1 1 0 1 1 1 1 1 1 1 1
 0 1 1 0 1 0 1 0 1 1 1 1 0 0 1 1 1 1 1 1 1 0 1 1 1 1 1 0 1 1 1 0 0 0 0 0 1
 1 1 1 1 1 0 0 1 1 1 0 1 1 1 1 0 1 1 1 1 1 1 1 0 1 1 1 1 1 0 1 0 1 1 0 1 1
 1 1 1 0 1 1 1 1 1 1 0 1 0 0 0 1 1 1 1 1 1 1 1 1 1 1 1 1 0 0 1 0 1 1 1 0 1
 1 0 1 1 1 1 1 1 1 1 1 0 1 1 1 1 1 1 0 1 1 0 1 1 0 1 1 1 1 1 0 1 1 0 1 0 0
 1 1 1 1 0 1 1 1 1 1 1 1 1 1 1 1 1 1 0 1 1 1 1 1 1 0 1 0 1 1 0 0 1 1 0 1 1
 1 1 1 1 1 1 1 1 1 0 1 1 1 0 1 1 1 0 1 1 1 1 1 1 0 1 1 1 1 1 0 1 1 1 1 1 0
 1 1 0 1 0 0 1 0 0 1 0 0 1 0 1 1 1 1 1 0 1 1 0 0 1 1 1 1 1 0 1 1 1 0 0 1 1
 0 1 1 0 0 1 1 1 1 1 1 1 1 1 1 1 1 1 1 1 0 1 1 1 1 1 1 1 1 1 1 0 0 0 1 0 0
 0 0 1 1 1 0 0 1 1 1 0 1 1 1 1 0 1 0 1 0 1 0 0 0 0 1 1 0 1 1 0 1 1 1 0 0 1
 0 1 0 1 1 0 1 1 1 0 0 1 0 1 0 0 1 0 1 1 1 1 0 0 0 1 1 1 0 1 1 1 1 1 1 1 0
 1 0 1 1 1 0 1 1 1 1 1 1 1 0 0 0 1 1 1 1 0 1 0 1 0 1 1 1 1 1 1 1 0 0 1 1 0
 0 1 1 1 1 1 0 1 0 1 1 1 1 1 1 1 0 0 1 1 0 1 1 1 1 1 1 0 1 1 1 1 1 1 1 0 1
 0 1 1 0 1 1 1 0 1 1 1 1 1 1 1 1 1 1 1 1 0 1 1 0 1]"
RF,"RandomForestClassifier(max_depth=9, n_estimators=200, n_jobs=-1,
                       random_state=123)","{'max_depth': 9, 'n_estimators': 200}",by counts,48,0.7276844136892153,0.8719093406593407,0.7554945054945055,0.7447619047619047,0.8988505747126436,0.8145833333333332,0.48282968069103066,"[[159 134]
 [ 44 391]]","[1 0 1 0 1 1 1 1 1 1 1 1 0 1 1 1 1 1 0 0 0 1 1 1 0 1 1 0 1 1 1 1 0 1 1 1 0
 1 1 0 1 1 0 1 1 0 1 1 1 1 0 0 1 1 1 1 1 1 1 1 0 0 0 0 0 1 1 1 1 1 0 1 1 1
 0 0 0 0 1 0 1 0 1 1 1 0 1 1 1 0 1 1 1 1 1 1 0 1 0 0 1 0 1 1 1 1 1 0 1 1 0
 0 1 1 1 0 0 1 1 1 1 1 1 1 1 1 1 0 1 0 1 1 1 1 1 1 0 1 0 1 1 0 0 1 1 1 0 1
 1 1 0 1 1 1 1 1 0 1 1 0 0 1 0 1 1 1 1 1 1 1 0 1 1 1 1 1 1 1 0 1 1 1 0 1 0
 1 1 1 0 0 1 0 1 1 0 1 1 1 1 0 0 1 0 1 1 1 1 1 1 1 1 1 1 0 1 0 1 1 1 1 0 1
 1 0 1 1 1 1 0 0 1 0 1 1 1 1 1 1 1 1 1 1 1 0 1 1 1 0 1 1 0 0 1 1 1 1 1 1 1
 0 1 1 0 1 0 1 0 1 1 1 1 0 0 1 1 1 1 1 1 1 0 1 1 1 1 1 1 1 1 1 0 0 0 0 0 1
 1 1 1 0 1 0 0 1 1 1 0 1 1 1 1 0 1 1 1 1 1 1 1 0 1 1 1 1 1 0 1 0 1 1 0 1 1
 1 1 0 0 1 1 1 1 1 1 0 1 0 0 0 1 1 1 1 1 1 1 1 1 1 1 1 1 0 0 1 0 1 1 1 0 1
 1 0 1 0 1 1 1 1 1 1 1 0 1 1 1 1 1 1 1 1 1 0 1 0 0 1 1 1 1 1 0 1 1 0 1 0 0
 1 1 1 1 0 1 1 0 1 1 1 1 1 1 1 1 1 1 0 1 1 1 1 1 1 0 1 0 1 1 0 1 1 1 0 1 1
 0 1 1 1 1 1 1 1 1 0 1 1 1 0 1 1 1 0 1 1 1 0 1 1 0 1 1 0 1 1 0 1 1 1 1 0 0
 1 1 0 1 0 0 1 0 1 1 1 0 1 0 0 0 1 1 1 0 1 1 0 0 1 1 1 1 1 0 1 1 1 0 0 1 1
 0 1 1 0 0 1 1 1 1 1 1 1 1 1 1 1 1 1 1 1 1 1 1 1 1 0 1 1 1 1 1 0 0 0 1 0 0
 0 0 1 1 1 0 0 1 1 1 0 1 1 1 1 0 1 1 1 0 1 0 0 0 0 1 1 1 1 1 0 1 1 1 1 0 1
 0 1 0 1 1 0 1 1 1 0 1 1 1 1 0 0 1 0 1 1 1 1 0 0 0 1 0 1 0 1 1 1 1 1 1 1 0
 1 0 1 1 1 0 1 1 1 1 1 1 1 0 0 1 1 1 1 1 0 1 0 1 0 1 1 1 1 1 1 1 0 0 1 1 0
 0 1 1 1 1 1 0 1 0 0 1 1 1 1 1 1 0 0 1 1 0 1 1 1 1 1 1 0 1 1 1 1 1 1 1 1 0
 0 1 1 0 0 1 0 1 1 1 1 1 1 1 1 1 1 1 1 1 0 1 1 1 1]"
RF,"RandomForestClassifier(n_jobs=-1, random_state=123)","{'max_depth': None, 'n_estimators': 100}",No Reduction,51,0.7328414065809914,1.0,0.7527472527472527,0.7534791252485089,0.871264367816092,0.8081023454157783,0.4754837243253443,"[[169 124]
 [ 56 379]]","[1 1 1 0 1 1 1 1 1 1 1 1 0 1 1 1 1 1 0 1 0 1 1 1 0 1 1 0 1 1 1 1 0 0 1 1 0
 1 1 0 1 1 0 1 1 0 1 1 1 1 0 0 1 1 1 1 0 1 1 1 0 0 1 0 0 1 1 1 1 1 0 1 1 1
 0 0 0 0 1 0 1 0 1 1 1 1 1 1 1 1 1 1 1 1 1 1 0 1 0 0 1 0 1 1 1 0 1 0 1 1 0
 0 1 1 1 0 0 1 1 1 1 1 1 1 0 1 1 0 1 0 1 1 1 1 1 1 0 1 0 1 1 0 0 1 1 1 1 1
 1 1 0 1 1 1 1 1 0 0 1 0 0 1 0 0 1 0 1 1 1 1 0 1 1 1 1 1 1 1 1 1 1 1 0 1 0
 1 1 1 0 0 1 0 1 1 0 1 1 1 1 1 0 1 0 1 1 1 1 1 1 1 1 0 1 0 1 0 1 1 1 1 0 1
 1 0 1 1 1 1 0 0 1 0 1 1 1 1 1 1 1 0 0 1 1 0 1 1 1 0 0 0 0 1 1 1 1 1 1 1 1
 0 1 1 0 0 0 1 0 1 1 1 1 0 0 1 1 1 1 1 1 1 0 1 1 1 1 1 0 1 1 1 0 0 0 0 0 1
 1 1 1 0 1 0 0 1 1 1 0 1 1 1 1 0 1 1 1 1 1 1 1 0 1 1 1 0 1 0 1 0 1 1 0 1 1
 1 1 0 0 1 1 1 1 1 1 0 1 0 0 0 0 1 1 1 1 1 1 0 1 1 1 0 1 0 0 1 0 0 1 1 0 1
 1 0 1 0 1 1 1 1 1 1 1 0 1 1 1 1 1 1 0 1 1 0 1 0 0 1 1 1 1 1 0 1 1 0 1 0 0
 1 1 1 0 0 1 1 0 1 1 0 0 1 1 1 1 1 1 0 1 1 1 1 1 1 0 1 0 0 1 0 1 1 1 0 1 1
 1 1 1 1 1 1 1 1 1 1 1 1 1 0 1 1 1 0 1 1 1 0 1 1 0 1 1 0 1 0 0 0 0 1 1 0 0
 1 1 0 1 0 0 0 0 1 1 1 0 1 0 0 0 1 1 1 0 0 1 0 0 1 1 1 1 1 1 1 1 1 0 0 1 1
 0 1 1 0 0 1 1 1 1 1 1 1 1 1 1 1 1 1 1 1 0 1 1 1 1 0 1 1 1 1 1 0 0 1 1 0 0
 0 0 1 1 1 0 0 1 1 1 0 1 1 1 1 0 1 1 1 0 1 0 0 0 0 1 1 0 1 1 0 1 1 1 0 0 1
 0 1 0 1 1 0 1 1 1 0 1 1 1 1 0 0 1 0 1 1 1 1 0 0 0 1 1 1 0 1 1 0 1 1 1 1 0
 1 0 1 1 1 0 1 1 1 1 1 1 1 0 0 1 1 1 1 1 1 1 0 1 0 1 1 1 1 1 1 1 0 0 1 1 0
 0 1 1 1 1 0 0 1 1 0 1 1 1 1 1 0 0 0 1 0 0 0 1 1 1 1 1 1 1 1 0 1 1 1 1 0 1
 0 1 0 0 0 1 0 0 1 1 1 1 1 1 1 1 1 1 1 1 1 1 1 1 1]"
GB,GradientBoostingClassifier(random_state=123),"{'learning_rate': 0.1, 'max_depth': 3, 'n_estimators': 100}",by counts,4,0.7335098620722121,0.7527472527472527,0.7568681318681318,0.7676348547717843,0.8505747126436781,0.806979280261723,0.48554788594908976,"[[181 112]
 [ 65 370]]","[1 0 1 0 1 1 0 1 1 1 0 1 0 1 1 0 1 1 0 0 0 1 1 1 0 1 1 0 1 0 1 1 0 1 1 1 0
 1 1 0 1 1 0 1 1 0 1 1 1 1 0 1 1 1 0 1 1 1 1 1 0 0 0 0 0 1 1 1 1 1 0 1 1 0
 0 0 0 0 1 0 1 0 1 1 1 0 1 1 1 0 1 1 1 1 1 1 0 1 0 0 1 0 1 1 1 0 1 0 1 1 0
 0 1 1 1 0 0 1 1 1 1 1 1 1 1 1 1 0 1 0 1 1 1 1 1 1 0 1 0 1 1 0 0 0 1 1 0 1
 0 1 0 1 1 1 1 1 0 0 1 0 0 0 0 0 1 0 1 1 1 1 0 1 1 1 0 1 1 1 1 1 1 1 0 1 0
 1 1 1 0 1 1 0 1 0 0 1 1 1 1 0 0 1 0 1 0 1 1 1 1 1 1 0 1 0 1 0 1 1 1 0 0 1
 1 0 1 1 1 1 0 0 1 0 1 0 1 1 1 1 1 1 1 1 1 0 1 0 1 0 0 1 0 0 1 1 1 1 1 1 1
 0 1 1 0 1 0 1 0 0 1 1 1 0 0 1 1 1 1 1 1 1 0 1 1 1 1 1 1 1 1 1 0 0 0 0 0 1
 1 1 1 0 0 0 0 1 1 1 0 1 1 1 1 0 1 1 1 1 1 1 1 0 1 1 1 1 1 0 1 0 1 1 0 1 1
 1 1 0 0 1 1 1 1 1 1 0 1 0 0 0 0 1 1 1 1 1 1 0 1 1 0 1 0 0 0 1 0 0 1 1 0 1
 1 0 1 0 0 1 1 1 1 1 1 1 1 1 1 1 1 1 1 1 1 0 1 0 0 1 1 1 1 1 0 1 1 0 1 0 0
 1 1 1 1 0 1 1 0 1 1 1 1 1 1 1 1 1 1 1 0 1 1 1 1 1 0 1 0 0 0 0 0 1 1 0 1 1
 0 1 0 1 1 1 1 1 1 0 0 1 1 0 1 1 1 0 1 1 1 0 1 1 0 1 1 1 1 1 0 1 0 1 1 0 0
 1 1 0 1 0 0 0 0 1 1 1 0 1 0 0 0 1 1 1 0 1 1 0 0 1 1 1 1 1 0 1 1 1 0 0 1 1
 0 1 1 0 0 1 1 1 1 1 1 1 1 1 0 0 1 1 1 1 0 1 1 1 1 1 1 0 1 1 1 0 0 0 1 0 0
 0 0 1 1 1 0 0 1 1 1 0 1 1 1 1 0 1 0 1 0 1 0 0 0 0 1 0 1 1 1 0 1 1 1 0 0 1
 0 1 0 1 1 0 1 1 1 0 0 1 0 1 0 0 1 1 1 1 1 1 0 0 0 0 1 1 0 1 1 1 1 1 1 1 0
 1 0 0 1 1 1 1 1 1 1 1 1 1 0 0 1 1 1 1 1 0 0 0 1 0 1 1 1 1 1 1 1 0 0 1 1 0
 0 1 1 1 1 0 0 1 0 0 1 1 1 1 1 1 0 0 1 1 0 1 1 0 1 1 1 1 1 1 0 1 1 1 1 1 0
 0 1 1 0 0 1 0 1 1 1 1 1 1 1 1 1 1 0 1 1 0 1 1 0 1]"
GB,"GradientBoostingClassifier(learning_rate=0.5, max_depth=1, random_state=123)","{'learning_rate': 0.5, 'max_depth': 1, 'n_estimators': 100}",by counts,9,0.7390069670008945,0.7472527472527473,0.7568681318681318,0.7600806451612904,0.8666666666666667,0.8098818474758325,0.48466899341254477,"[[174 119]
 [ 58 377]]","[1 0 1 0 1 1 0 1 1 1 0 1 0 1 0 0 1 1 0 0 0 1 1 1 0 1 1 0 1 1 1 1 0 1 1 1 0
 1 1 0 1 1 0 1 1 0 1 1 1 1 0 0 1 1 1 1 1 1 1 1 0 0 0 0 0 1 1 1 1 1 0 1 1 1
 0 0 0 0 1 0 1 0 1 1 1 1 1 1 1 0 1 1 1 1 1 1 0 0 0 0 1 0 1 1 1 0 1 0 1 1 0
 0 1 1 1 0 0 1 1 1 1 1 1 1 0 1 1 0 1 0 1 1 1 1 1 1 0 1 0 1 1 0 0 0 1 1 0 1
 1 1 0 1 1 1 1 1 0 0 1 0 0 1 0 0 1 1 1 1 1 1 0 1 1 1 0 1 1 1 0 1 1 1 1 1 1
 1 1 1 0 0 1 0 1 1 0 1 1 1 1 0 0 1 0 1 1 1 1 1 1 1 1 1 1 0 1 0 1 1 1 0 0 1
 0 0 1 1 1 1 0 0 1 0 1 0 1 0 1 1 1 0 1 1 1 0 1 1 1 0 1 1 0 0 0 1 1 1 1 1 1
 0 1 1 0 1 0 1 0 0 1 1 1 0 0 1 1 1 1 1 1 1 0 1 1 1 0 1 1 1 1 1 0 0 0 0 0 1
 1 1 1 0 1 0 0 1 1 1 0 1 1 1 1 1 1 1 1 1 1 0 1 0 1 1 1 1 1 0 1 0 1 1 0 1 1
 1 1 0 0 1 1 1 1 1 1 0 1 0 0 0 0 1 1 1 1 1 1 1 1 1 0 1 0 0 0 1 0 0 1 1 0 1
 1 0 1 0 1 1 1 1 1 1 1 1 1 1 1 1 1 1 1 1 1 0 1 1 0 1 1 1 1 1 0 1 1 0 1 0 0
 1 1 1 1 0 1 1 0 1 1 1 1 1 1 1 1 1 1 1 1 1 1 1 1 1 0 1 0 0 1 0 0 1 1 0 1 1
 1 1 1 0 1 1 1 1 1 1 1 1 1 0 1 1 1 0 1 1 1 0 1 1 0 1 1 1 1 0 0 1 0 1 1 0 0
 1 1 0 1 0 0 0 0 1 1 1 0 1 1 0 1 1 1 1 0 1 1 0 0 1 1 1 1 1 0 1 1 1 0 1 1 1
 0 1 1 0 0 1 1 1 1 1 1 1 1 1 1 0 1 1 1 1 0 1 1 1 1 1 1 0 1 1 1 0 0 0 1 0 0
 0 0 1 1 1 0 0 1 1 1 0 1 1 1 1 0 1 0 1 0 1 0 0 1 0 1 1 1 1 1 0 1 1 0 0 0 1
 0 1 0 1 1 0 1 1 1 0 0 1 1 1 0 0 1 0 1 1 1 1 0 0 0 1 1 1 0 0 1 1 1 1 1 1 0
 1 0 1 1 1 0 1 0 1 1 1 1 1 0 0 1 1 1 1 1 0 1 1 1 0 1 1 1 1 1 1 1 0 0 1 1 0
 0 1 1 1 1 0 0 1 0 0 1 1 1 1 0 1 0 0 1 1 0 1 1 0 1 1 1 0 1 1 0 1 1 1 1 0 0
 0 1 1 0 0 0 0 1 1 1 1 1 1 1 1 1 1 1 0 1 1 1 1 0 1]"
GB,"GradientBoostingClassifier(learning_rate=0.4, max_depth=1, random_state=123)","{'learning_rate': 0.4, 'max_depth': 1, 'n_estimators': 100}",by counts,15,0.7441639598926706,0.7506868131868132,0.7651098901098901,0.7661290322580645,0.8735632183908046,0.8163265306122449,0.5027028812688382,"[[177 116]
 [ 55 380]]","[1 0 1 0 1 1 0 1 1 1 0 1 0 1 1 0 1 1 0 0 0 1 1 1 0 1 1 0 1 1 1 1 1 1 1 1 0
 1 1 0 1 1 0 1 1 0 1 1 1 1 0 0 1 1 1 1 1 1 1 0 0 0 1 0 0 1 1 1 1 1 0 1 1 1
 0 0 0 0 1 0 1 1 1 1 1 1 1 1 1 0 1 1 0 1 1 1 0 0 0 0 1 0 1 1 1 1 1 0 1 1 0
 0 1 1 1 0 0 1 1 1 1 1 1 1 0 1 1 0 1 0 1 1 1 1 1 1 0 1 0 1 1 0 0 0 1 1 0 1
 1 1 0 1 1 1 1 1 0 0 1 0 0 1 0 0 1 1 1 1 1 1 0 1 0 1 0 1 1 1 0 1 1 1 0 1 1
 1 1 1 0 0 1 0 1 1 0 1 1 1 1 0 0 1 0 1 1 1 1 1 1 1 1 1 1 0 1 0 1 1 1 0 0 1
 0 0 1 1 1 1 0 0 1 0 1 0 1 0 1 1 1 0 1 1 1 0 1 1 1 0 1 1 0 0 0 1 1 1 1 1 1
 0 1 1 0 1 0 1 0 0 1 1 1 0 0 1 1 1 1 1 1 1 0 1 1 1 1 1 1 1 1 1 0 0 0 0 0 1
 1 1 1 0 1 0 0 1 1 1 0 1 1 1 1 0 1 1 1 1 1 1 1 0 1 1 1 1 1 0 1 0 1 1 0 1 1
 1 1 0 0 1 1 1 1 1 1 0 1 0 1 0 0 1 1 1 1 1 1 1 1 1 0 1 0 0 0 1 0 0 1 1 0 1
 1 0 1 0 1 1 1 1 1 1 1 1 1 1 1 1 1 1 1 1 1 0 1 1 0 1 1 1 1 1 0 1 1 0 1 0 0
 1 1 1 1 0 1 1 0 1 1 1 1 1 1 1 1 1 1 1 1 1 1 1 1 1 0 1 0 1 1 0 0 1 1 0 1 1
 0 1 1 1 1 1 1 1 1 1 1 1 1 0 1 1 1 0 1 1 1 0 1 1 0 1 1 1 1 0 0 1 0 1 1 0 0
 1 1 0 1 0 0 0 0 1 1 1 0 1 0 0 1 1 1 1 0 1 1 0 0 1 1 1 1 1 0 1 1 1 0 1 1 1
 0 1 1 0 0 1 1 1 1 1 1 1 1 1 1 1 1 1 1 1 0 1 1 1 1 0 1 0 1 1 1 0 0 0 1 0 0
 0 0 1 1 1 0 0 0 1 1 0 1 1 1 1 0 1 0 1 0 1 0 0 1 0 1 1 1 1 1 0 1 1 0 0 0 1
 0 1 0 1 1 0 1 1 1 0 0 1 0 1 0 0 1 0 1 1 1 1 0 0 0 0 1 1 0 1 1 1 1 1 1 1 0
 0 0 1 1 1 0 1 1 1 1 1 1 1 0 0 1 1 1 1 1 0 1 0 1 0 1 1 1 1 1 1 1 0 0 1 1 0
 0 1 1 1 1 0 0 1 0 0 1 1 1 1 1 1 0 0 1 1 0 0 1 0 1 1 1 0 1 1 1 1 1 1 1 0 0
 0 1 1 0 0 1 0 1 1 1 0 1 1 1 1 1 1 1 0 1 0 1 1 0 1]"
GB,"GradientBoostingClassifier(learning_rate=0.2, n_estimators=50, random_state=123)","{'learning_rate': 0.2, 'max_depth': 3, 'n_estimators': 50}",by counts,22,0.7427858588711576,0.7884615384615384,0.7706043956043956,0.7757201646090535,0.8666666666666667,0.8186753528773073,0.5149360311390097,"[[184 109]
 [ 58 377]]","[1 0 1 0 1 1 0 1 1 1 0 1 0 1 0 1 1 1 0 0 0 1 1 1 0 1 1 0 1 1 1 1 1 1 1 1 0
 1 0 0 1 1 0 1 1 0 1 1 1 1 0 0 1 1 0 1 1 1 1 1 0 0 0 0 0 1 1 1 1 1 0 1 1 1
 0 0 0 0 1 0 0 0 1 1 1 0 1 1 1 0 1 1 1 1 1 1 0 1 0 0 1 0 1 1 1 0 1 0 1 1 0
 0 1 1 1 0 0 1 1 1 1 1 1 1 0 1 1 0 1 0 1 1 1 1 1 1 0 1 0 1 1 0 0 0 1 1 0 1
 1 1 0 1 1 1 1 1 0 0 1 0 0 0 0 1 1 1 1 1 1 1 0 1 1 1 0 1 1 1 1 1 1 1 0 1 0
 1 1 1 0 1 1 0 1 1 0 1 1 1 1 0 0 1 0 1 0 1 1 1 1 1 1 0 1 0 1 0 1 1 1 0 0 1
 0 0 1 1 1 1 0 0 1 0 1 1 1 0 1 1 1 1 1 1 1 0 1 1 1 0 1 1 0 0 1 1 1 1 1 1 1
 0 1 1 0 1 0 1 0 0 1 1 1 0 0 0 1 1 1 1 1 1 0 1 1 1 0 1 0 1 1 1 0 0 0 0 0 1
 1 1 1 0 1 0 0 1 1 1 0 1 1 1 1 0 1 1 1 1 1 1 0 0 1 1 1 1 1 1 1 0 1 1 0 1 1
 0 1 0 0 1 1 1 1 1 1 0 1 0 0 0 0 1 1 1 1 1 1 1 1 1 0 0 0 0 0 1 0 0 1 1 0 1
 1 0 1 0 1 1 1 1 1 1 1 1 1 1 1 1 1 1 0 1 1 0 1 1 0 1 1 1 1 1 0 1 1 0 1 0 0
 1 1 1 1 0 1 1 1 1 1 1 1 1 1 1 1 1 1 0 1 1 1 1 1 1 0 1 0 1 1 0 0 1 1 1 1 1
 0 1 0 1 1 1 1 1 1 0 1 1 1 0 1 1 1 0 1 1 1 0 1 1 0 1 1 1 1 0 0 1 0 1 1 0 0
 1 1 0 1 0 0 0 0 1 1 1 0 1 1 0 0 1 1 1 0 1 1 0 0 1 1 1 1 1 0 1 1 1 0 0 1 1
 0 1 1 0 0 1 1 1 1 1 1 1 1 1 1 1 1 1 1 1 0 1 1 1 1 0 1 0 1 1 1 0 0 0 1 0 0
 0 0 1 1 1 0 0 1 1 1 0 1 1 1 1 0 1 0 1 0 1 0 0 0 0 1 0 1 1 1 0 1 1 0 0 0 1
 1 1 0 1 1 0 1 0 1 0 0 1 0 1 0 0 1 0 1 1 1 1 0 0 0 0 1 1 0 1 1 0 1 1 1 1 0
 1 0 1 1 1 1 1 0 1 1 1 1 1 0 0 1 1 1 1 1 0 1 0 1 1 1 1 1 1 1 1 1 0 0 1 1 0
 0 1 0 1 1 0 0 0 0 0 1 1 1 1 1 1 0 0 1 1 0 1 1 0 1 1 1 0 1 1 0 1 1 1 1 0 0
 0 1 1 0 0 1 0 1 1 1 1 1 1 1 1 1 1 1 1 1 0 1 1 0 1]"
GB,"GradientBoostingClassifier(learning_rate=0.30000000000000004, max_depth=1,
                           n_estimators=200, random_state=123)","{'learning_rate': 0.30000000000000004, 'max_depth': 1, 'n_estimators': 200}",by counts,32,0.7427811514381208,0.7633928571428571,0.7706043956043956,0.7780082987551867,0.8620689655172413,0.8178844056706652,0.5151574403946365,"[[186 107]
 [ 60 375]]","[1 0 1 0 1 1 0 1 1 1 0 1 0 1 1 0 1 1 0 0 0 1 1 1 0 1 1 0 1 1 1 1 1 1 1 1 0
 1 1 0 1 1 0 1 1 0 1 1 1 1 0 0 1 1 0 1 1 1 1 1 0 0 0 0 0 1 1 1 1 1 0 1 1 1
 0 0 0 0 1 0 1 0 1 1 1 0 1 1 1 0 1 1 0 1 1 1 0 0 0 0 1 0 1 1 1 0 1 0 1 1 0
 0 1 1 1 0 0 1 1 1 1 1 1 1 0 1 1 0 1 0 1 1 1 1 1 1 0 1 0 1 1 0 0 0 1 1 0 1
 1 1 0 1 1 1 1 1 0 0 1 0 0 0 0 0 1 1 1 1 1 1 0 1 0 1 0 1 1 1 1 1 1 1 0 1 0
 1 1 1 0 0 1 0 1 1 0 1 1 1 1 0 0 1 0 1 1 1 1 1 1 1 1 1 1 0 1 0 1 1 1 0 0 1
 0 0 1 1 1 1 0 0 1 0 1 1 1 0 1 1 1 0 1 1 1 0 1 1 1 0 1 1 0 0 0 1 1 1 1 1 1
 0 1 1 0 1 0 1 0 0 1 1 1 0 0 0 1 1 1 1 1 1 0 1 1 1 0 1 1 1 1 1 0 0 0 0 0 1
 1 1 1 0 1 0 0 1 1 1 0 1 1 1 1 0 1 1 1 1 1 1 1 0 1 1 1 1 1 0 1 0 1 1 0 1 1
 1 1 0 0 1 1 1 1 1 1 0 1 0 0 0 0 1 1 1 1 1 1 1 1 1 0 1 0 0 0 1 0 0 1 1 0 1
 1 0 1 0 1 1 1 1 1 1 1 0 1 1 1 1 1 1 1 1 1 0 1 1 0 1 1 1 1 1 0 1 1 0 1 0 0
 1 1 1 0 0 1 1 0 1 1 1 1 1 1 1 1 1 1 0 1 1 1 1 1 1 0 1 0 0 1 0 0 1 1 0 1 1
 0 1 1 1 1 1 1 1 1 1 1 1 1 0 1 1 1 0 1 1 1 0 1 1 0 1 1 1 1 0 0 1 0 1 1 0 0
 1 1 0 1 0 0 0 0 1 1 1 0 1 1 0 0 1 1 1 0 1 1 0 0 1 1 1 1 1 0 1 1 1 0 1 1 1
 0 1 1 0 0 1 1 1 1 1 1 1 1 1 1 1 1 1 1 1 0 1 1 1 1 0 1 0 1 1 1 0 0 0 1 0 0
 0 0 1 1 1 0 0 0 1 1 0 1 1 1 1 0 1 0 1 0 1 0 0 0 0 1 1 1 1 1 0 1 1 0 0 0 1
 0 1 0 1 1 0 1 1 1 0 0 1 0 1 0 0 1 0 1 1 1 1 0 0 0 0 1 1 0 1 1 1 1 1 1 1 0
 0 0 1 1 1 0 1 1 1 1 1 1 1 0 0 1 1 1 1 1 0 1 0 1 0 1 1 1 1 1 1 1 0 0 1 1 0
 0 1 0 1 1 0 0 1 0 0 1 1 1 1 1 1 0 0 1 1 0 1 1 0 1 1 1 0 1 1 0 1 1 1 1 0 0
 0 1 1 0 0 0 0 1 1 1 0 1 1 1 1 1 1 1 0 1 0 1 1 0 1]"
GB,"GradientBoostingClassifier(learning_rate=0.4, max_depth=1, n_estimators=200,
                           random_state=123)","{'learning_rate': 0.4, 'max_depth': 1, 'n_estimators': 200}",by counts,43,0.7427846820128984,0.7640796703296703,0.7678571428571429,0.7747933884297521,0.8620689655172413,0.8161044613710556,0.5091033411594891,"[[184 109]
 [ 60 375]]","[1 0 1 0 1 1 0 1 1 1 0 1 0 1 1 0 1 1 0 1 0 1 1 1 0 1 1 0 1 1 1 1 1 1 1 1 0
 1 1 0 1 1 0 1 1 0 1 1 1 1 0 0 1 1 1 1 1 1 1 1 0 0 0 0 0 1 1 1 1 1 0 1 1 1
 1 0 0 0 1 0 1 0 1 1 1 0 1 1 1 0 1 1 0 1 1 1 0 0 0 0 1 0 1 1 1 0 1 0 1 1 0
 0 1 1 1 0 0 1 1 1 1 1 1 1 0 1 1 0 1 0 1 1 1 1 1 1 0 1 0 1 1 0 0 0 1 1 0 1
 1 1 0 1 1 1 1 1 0 0 1 0 0 0 0 0 1 1 1 1 1 1 0 1 0 1 0 1 1 1 1 1 1 1 0 1 0
 1 1 1 0 0 1 0 1 1 0 1 1 1 1 0 0 1 0 1 1 1 1 1 1 1 1 1 1 0 1 0 1 1 1 0 0 1
 0 0 1 1 1 1 0 0 1 0 1 1 1 0 1 1 1 0 1 1 1 0 1 1 1 0 1 1 0 1 0 1 1 1 1 1 1
 0 1 1 0 1 0 1 0 0 1 1 1 0 0 1 1 1 1 1 1 1 0 1 1 1 0 1 1 1 1 1 0 0 0 0 0 1
 1 1 1 0 1 0 0 1 1 1 0 1 1 1 1 0 1 1 1 1 1 1 0 0 1 1 1 0 1 0 1 0 1 1 0 1 1
 1 1 0 0 1 1 1 1 1 1 0 1 0 0 0 0 1 1 1 1 1 1 1 1 1 0 1 0 0 0 1 0 0 1 1 0 1
 1 0 0 0 1 1 1 1 1 1 1 0 1 1 1 1 1 1 1 1 1 0 1 1 0 1 1 1 1 1 0 1 1 0 1 0 0
 1 1 1 0 0 1 1 0 1 1 1 1 1 1 1 1 1 1 0 1 1 1 1 1 1 0 1 0 0 1 0 0 1 1 0 1 1
 0 1 1 0 1 1 1 1 1 1 1 1 1 0 1 1 1 0 1 1 1 0 1 1 0 1 1 1 1 0 0 1 0 1 1 0 0
 1 1 1 1 0 0 0 0 1 1 1 0 1 1 0 0 1 1 1 0 1 1 0 0 1 1 1 1 1 0 1 1 1 0 0 1 0
 0 1 1 0 0 1 1 1 1 1 1 1 1 1 1 1 1 1 1 1 0 1 1 1 1 0 1 0 1 1 1 0 0 0 1 0 0
 0 0 1 1 1 0 0 0 1 1 0 1 1 1 1 0 1 0 1 0 1 0 0 0 0 1 1 1 1 1 0 1 1 1 0 0 1
 0 1 0 1 1 0 1 1 1 0 0 1 0 1 0 0 1 0 1 1 1 1 0 0 0 0 1 1 0 1 1 1 1 1 1 1 0
 0 0 1 1 1 0 1 1 1 1 1 1 1 0 0 1 1 1 1 1 0 1 0 1 0 1 1 1 1 1 1 1 0 0 1 1 0
 0 1 0 1 1 0 0 0 0 0 1 1 1 1 1 1 0 0 1 1 0 1 1 0 1 1 1 0 1 1 0 1 1 1 1 0 0
 0 1 1 0 0 0 0 1 1 1 1 1 1 1 1 1 1 1 1 1 0 1 1 0 1]"
GB,"GradientBoostingClassifier(learning_rate=0.4, max_depth=1, n_estimators=200,
                           random_state=123)","{'learning_rate': 0.4, 'max_depth': 1, 'n_estimators': 200}",by counts,48,0.7417514004613285,0.7620192307692307,0.7678571428571429,0.7747933884297521,0.8620689655172413,0.8161044613710556,0.5091033411594891,"[[184 109]
 [ 60 375]]","[1 0 1 0 1 1 0 1 1 1 0 1 0 1 1 0 1 1 0 1 0 1 1 1 0 1 1 0 1 1 1 1 1 1 1 1 0
 1 1 0 1 1 0 1 1 0 1 1 1 1 0 0 1 1 1 1 1 1 1 1 0 0 0 0 0 1 1 1 1 1 0 1 1 1
 1 0 0 0 1 0 1 0 1 1 1 0 1 1 1 0 1 1 0 1 1 1 0 0 0 0 1 0 1 1 1 0 1 0 1 1 0
 0 1 1 1 0 0 1 1 1 1 1 1 1 0 1 1 0 1 0 1 1 1 1 1 1 0 1 0 1 1 0 0 0 1 1 0 1
 1 1 0 1 1 1 1 1 0 0 1 0 0 0 0 0 1 1 1 1 1 1 0 1 0 1 0 1 1 1 1 1 1 1 0 1 0
 1 1 1 0 0 1 0 1 1 0 1 1 1 1 0 0 1 0 1 1 1 1 1 1 1 1 1 1 0 1 0 1 1 1 0 0 1
 0 0 1 1 1 1 0 0 1 0 1 1 1 0 1 1 1 0 1 1 1 0 1 1 1 0 1 1 0 1 0 1 1 1 1 1 1
 0 1 1 0 1 0 1 0 0 1 1 1 0 0 1 1 1 1 1 1 1 0 1 1 1 0 1 1 1 1 1 0 0 0 0 0 1
 1 1 1 0 1 0 0 1 1 1 0 1 1 1 1 0 1 1 1 1 1 1 0 0 1 1 1 0 1 0 1 0 1 1 0 1 1
 1 1 0 0 1 1 1 1 1 1 0 1 0 0 0 0 1 1 1 1 1 1 1 1 1 0 1 0 0 0 1 0 0 1 1 0 1
 1 0 0 0 1 1 1 1 1 1 1 0 1 1 1 1 1 1 1 1 1 0 1 1 0 1 1 1 1 1 0 1 1 0 1 0 0
 1 1 1 0 0 1 1 0 1 1 1 1 1 1 1 1 1 1 0 1 1 1 1 1 1 0 1 0 0 1 0 0 1 1 0 1 1
 0 1 1 1 1 1 1 1 1 1 1 1 1 0 1 1 1 0 1 1 1 0 1 1 0 1 1 1 1 0 0 1 0 1 1 0 0
 1 1 0 1 0 0 0 0 1 1 1 0 1 1 0 0 1 1 1 0 1 1 0 0 1 1 1 1 1 0 1 1 1 0 0 1 0
 0 1 1 0 0 1 1 1 1 1 1 1 1 1 1 1 1 1 1 1 0 1 1 1 1 0 1 0 1 1 1 0 0 0 1 0 0
 0 0 1 1 1 0 0 0 1 1 0 1 1 1 1 0 1 0 1 0 1 0 0 0 0 1 0 1 1 1 0 1 1 1 1 0 1
 0 1 0 1 1 0 1 1 1 0 0 1 0 1 0 0 1 0 1 1 1 1 0 0 0 0 1 1 0 1 1 1 1 1 1 1 0
 0 0 1 1 1 0 1 1 1 1 1 1 1 0 0 1 1 1 1 1 0 1 0 1 0 1 1 1 1 1 1 1 0 0 1 1 0
 0 1 0 1 1 0 0 1 0 0 1 1 1 1 1 1 0 0 1 1 0 0 1 0 1 1 1 0 1 1 0 1 1 1 1 0 0
 0 1 1 0 0 0 0 1 1 1 1 1 1 1 1 1 1 1 1 1 0 1 1 0 1]"
GB,"GradientBoostingClassifier(learning_rate=0.4, max_depth=1, n_estimators=200,
                           random_state=123)","{'learning_rate': 0.4, 'max_depth': 1, 'n_estimators': 200}",No Reduction,51,0.7403791837311114,0.7620192307692307,0.7678571428571429,0.7747933884297521,0.8620689655172413,0.8161044613710556,0.5091033411594891,"[[184 109]
 [ 60 375]]","[1 0 1 0 1 1 0 1 1 1 0 1 0 1 1 0 1 1 0 1 0 1 1 1 0 1 1 0 1 1 1 1 1 1 1 1 0
 1 1 0 1 1 0 1 1 0 1 1 1 1 0 0 1 1 1 1 1 1 1 1 0 0 0 0 0 1 1 1 1 1 0 1 1 1
 1 0 0 0 1 0 1 0 1 1 1 0 1 1 1 0 1 1 0 1 1 1 0 0 0 0 1 0 1 1 1 0 1 0 1 1 0
 0 1 1 1 0 0 1 1 1 1 1 1 1 0 1 1 0 1 0 1 1 1 1 1 1 0 1 0 1 1 0 0 0 1 1 0 1
 1 1 0 1 1 1 1 1 0 0 1 0 0 0 0 0 1 1 1 1 1 1 0 1 0 1 0 1 1 1 1 1 1 1 0 1 0
 1 1 1 0 0 1 0 1 1 0 1 1 1 1 0 0 1 0 1 1 1 1 1 1 1 1 1 1 0 1 0 1 1 1 0 0 1
 0 0 1 1 1 1 0 0 1 0 1 1 1 0 1 1 1 0 1 1 1 0 1 1 1 0 1 1 0 1 0 1 1 1 1 1 1
 0 1 1 0 1 0 1 0 0 1 1 1 0 0 1 1 1 1 1 1 1 0 1 1 1 0 1 1 1 1 1 0 0 0 0 0 1
 1 1 1 0 1 0 0 1 1 1 0 1 1 1 1 0 1 1 1 1 1 1 0 0 1 1 1 0 1 0 1 0 1 1 0 1 1
 1 1 0 0 1 1 1 1 1 1 0 1 0 0 0 0 1 1 1 1 1 1 1 1 1 0 1 0 0 0 1 0 0 1 1 0 1
 1 0 0 0 1 1 1 1 1 1 1 0 1 1 1 1 1 1 1 1 1 0 1 1 0 1 1 1 1 1 0 1 1 0 1 0 0
 1 1 1 0 0 1 1 0 1 1 1 1 1 1 1 1 1 1 0 1 1 1 1 1 1 0 1 0 0 1 0 0 1 1 0 1 1
 0 1 1 1 1 1 1 1 1 1 1 1 1 0 1 1 1 0 1 1 1 0 1 1 0 1 1 1 1 0 0 1 0 1 1 0 0
 1 1 0 1 0 0 0 0 1 1 1 0 1 1 0 0 1 1 1 0 1 1 0 0 1 1 1 1 1 0 1 1 1 0 0 1 0
 0 1 1 0 0 1 1 1 1 1 1 1 1 1 1 1 1 1 1 1 0 1 1 1 1 0 1 0 1 1 1 0 0 0 1 0 0
 0 0 1 1 1 0 0 0 1 1 0 1 1 1 1 0 1 0 1 0 1 0 0 0 0 1 0 1 1 1 0 1 1 1 1 0 1
 0 1 0 1 1 0 1 1 1 0 0 1 0 1 0 0 1 0 1 1 1 1 0 0 0 0 1 1 0 1 1 1 1 1 1 1 0
 0 0 1 1 1 0 1 1 1 1 1 1 1 0 0 1 1 1 1 1 0 1 0 1 0 1 1 1 1 1 1 1 0 0 1 1 0
 0 1 0 1 1 0 0 1 0 0 1 1 1 1 1 1 0 0 1 1 0 0 1 0 1 1 1 0 1 1 0 1 1 1 1 0 0
 0 1 1 0 0 0 0 1 1 1 1 1 1 1 1 1 1 1 1 1 0 1 1 0 1]"
